0.08,-0.02,0.04,1,0,0,0,0,0
-0.01,0,-0.03,1,0,0,0,0,0
-0.03,-0.01,0,1,0,0,0,0,0
-0.03,-0.08,0,1,0,0,0,0,0
0.01,-0.02,-0.03,1,0,0,0,0,0
0,-0.1,-0.03,1,0,0,0,0,0
-0.05,0.02,-0.1,1,0,0,0,0,0
0,-0.1,-0.03,1,0,0,0,0,0
0.04,-0.07,-0.04,1,0,0,0,0,0
0,0.02,0,1,0,0,0,0,0
0.03,-0.01,-0.03,1,0,0,0,0,0
0.02,0.02,-0.03,1,0,0,0,0,0
0.03,-0.04,0,1,0,0,0,0,0
-0.03,0,-0.01,1,0,0,0,0,0
0,0.01,-0.04,1,0,0,0,0,0
-0.02,0,-0.03,1,0,0,0,0,0
-0.05,-0.01,0,1,0,0,0,0,0
0,-0.03,0.03,1,0,0,0,0,0
0,-0.02,0.05,1,0,0,0,0,0
-0.01,0.02,0.09,1,0,0,0,0,0
0.02,-0.01,0.04,1,0,0,0,0,0
-0.02,0.02,-0.02,1,0,0,0,0,0
-0.04,-0.01,0.05,1,0,0,0,0,0
-0.04,0.02,-0.04,1,0,0,0,0,0
0.06,-0.05,0,1,0,0,0,0,0
0,0.04,-0.02,1,0,0,0,0,0
0.03,0.06,0.04,1,0,0,0,0,0
0.07,-0.03,0.04,1,0,0,0,0,0
0.01,-0.04,0.02,1,0,0,0,0,0
0.04,-0.04,0.07,1,0,0,0,0,0
-0.04,-0.09,-0.01,1,0,0,0,0,0
-0.01,0,-0.03,1,0,0,0,0,0
0.01,-0.1,0.05,1,0,0,0,0,0
0,0.02,-0.02,1,0,0,0,0,0
-0.01,0.06,-0.05,1,0,0,0,0,0
-0.04,-0.02,-0.07,1,0,0,0,0,0
-0.04,-0.01,-0.02,1,0,0,0,0,0
0.09,-0.03,0.04,1,0,0,0,0,0
0.06,0.06,0.04,1,0,0,0,0,0
-0.02,0,0,1,0,0,0,0,0
-0.03,0.02,-0.01,1,0,0,0,0,0
0,0.07,0.03,1,0,0,0,0,0
-0.04,0.01,-0.02,1,0,0,0,0,0
0.05,0,-0.01,1,0,0,0,0,0
0,-0.01,0.06,1,0,0,0,0,0
-0.01,0.03,0.02,1,0,0,0,0,0
0.03,-0.1,0.02,1,0,0,0,0,0
-0.01,0.03,0.06,1,0,0,0,0,0
0.02,0.01,0.06,1,0,0,0,0,0
-0.03,0.01,0.01,1,0,0,0,0,0
-0.02,0.02,-0.02,1,0,0,0,0,0
-0.02,-0.04,-0.01,1,0,0,0,0,0
-0.01,0.02,0.03,1,0,0,0,0,0
0,0.08,0.02,1,0,0,0,0,0
0.03,0.04,0.1,1,0,0,0,0,0
-0.04,-0.05,-0.01,1,0,0,0,0,0
0.03,0.08,-0.03,1,0,0,0,0,0
-0.01,-0.03,-0.01,1,0,0,0,0,0
0,0.06,0,1,0,0,0,0,0
0,-0.04,-0.05,1,0,0,0,0,0
0,-0.04,0,1,0,0,0,0,0
0.01,0.06,0,1,0,0,0,0,0
0.03,-0.01,0.01,1,0,0,0,0,0
-0.02,-0.07,0,1,0,0,0,0,0
0.02,0.09,0,1,0,0,0,0,0
0,0.06,0.01,1,0,0,0,0,0
0.02,-0.06,0,1,0,0,0,0,0
0,-0.09,-0.01,1,0,0,0,0,0
0.03,0.03,0.03,1,0,0,0,0,0
0,-0.07,-0.05,1,0,0,0,0,0
0.01,0.01,0.05,1,0,0,0,0,0
-0.02,-0.04,-0.04,1,0,0,0,0,0
-0.04,0.02,0.04,1,0,0,0,0,0
0.03,0.01,-0.08,1,0,0,0,0,0
0,-0.01,0.02,1,0,0,0,0,0
0.09,0.12,0.01,1,0,0,0,0,0
0.03,0.06,0.08,1,0,0,0,0,0
-0.05,-0.1,-0.03,1,0,0,0,0,0
0.07,0.03,-0.02,1,0,0,0,0,0
-0.01,-0.01,-0.01,1,0,0,0,0,0
0.03,-0.03,0,1,0,0,0,0,0
0.02,-0.01,-0.03,1,0,0,0,0,0
0.01,0.03,0,1,0,0,0,0,0
-0.01,-0.02,-0.02,1,0,0,0,0,0
0,-0.07,-0.06,1,0,0,0,0,0
0,-0.07,0,1,0,0,0,0,0
-0.01,0.03,-0.04,1,0,0,0,0,0
-0.01,0,0.07,1,0,0,0,0,0
0,0.02,0.02,1,0,0,0,0,0
-0.01,0.04,0.02,1,0,0,0,0,0
0.02,-0.02,0.01,1,0,0,0,0,0
0,0.01,0.06,1,0,0,0,0,0
-0.04,0.02,-0.07,1,0,0,0,0,0
0.01,-0.05,0.08,1,0,0,0,0,0
0.05,-0.07,0.09,1,0,0,0,0,0
0,-0.03,0.03,1,0,0,0,0,0
0.01,-0.01,-0.01,1,0,0,0,0,0
0.03,-0.03,-0.02,1,0,0,0,0,0
0,0,0.05,1,0,0,0,0,0
0.01,0.03,0,1,0,0,0,0,0
0.06,-0.06,0.06,1,0,0,0,0,0
-0.02,-0.04,0.05,1,0,0,0,0,0
-0.03,-0.03,-0.07,1,0,0,0,0,0
0.03,0.01,0,1,0,0,0,0,0
0.03,0.08,0.04,1,0,0,0,0,0
0.09,0.02,-0.02,1,0,0,0,0,0
0.06,-0.01,-0.05,1,0,0,0,0,0
0,-0.04,-0.05,1,0,0,0,0,0
-0.02,0,-0.05,1,0,0,0,0,0
-0.04,-0.03,-0.07,1,0,0,0,0,0
-0.06,-0.01,0.05,1,0,0,0,0,0
-0.01,-0.01,-0.06,1,0,0,0,0,0
0.04,0.02,0.02,1,0,0,0,0,0
0.06,-0.01,-0.01,1,0,0,0,0,0
0.03,0.01,0.01,1,0,0,0,0,0
-0.01,-0.08,0.01,1,0,0,0,0,0
0.02,-0.04,-0.04,1,0,0,0,0,0
-0.01,-0.07,0.01,1,0,0,0,0,0
0,0.12,0,1,0,0,0,0,0
0,,,,,,,,
0.07,-0.01,0,1,0,0,0,0,0
0.01,-0.01,0,1,0,0,0,0,0
0.06,0.06,0,1,0,0,0,0,0
-0.03,-0.05,-0.01,1,0,0,0,0,0
0.01,-0.02,0.04,1,0,0,0,0,0
0.01,-0.04,-0.08,1,0,0,0,0,0
-0.04,0,-0.02,1,0,0,0,0,0
0,0.07,0,1,0,0,0,0,0
-0.04,-0.05,0.02,1,0,0,0,0,0
0,0.02,-0.07,1,0,0,0,0,0
0.06,0.03,0.02,1,0,0,0,0,0
-0.04,-0.03,0.03,1,0,0,0,0,0
0.02,0.01,0.01,1,0,0,0,0,0
0.02,0.02,0.02,1,0,0,0,0,0
-0.02,0.02,0.04,1,0,0,0,0,0
-0.02,0.1,0.06,1,0,0,0,0,0
-0.02,-0.03,0,1,0,0,0,0,0
-0.02,0.05,0.02,1,0,0,0,0,0
0.04,0.03,-0.01,1,0,0,0,0,0
-0.02,0,-0.02,1,0,0,0,0,0
0,0.05,0.03,1,0,0,0,0,0
-0.04,-0.04,0,1,0,0,0,0,0
0,-0.04,0.05,1,0,0,0,0,0
0,-0.06,0.03,1,0,0,0,0,0
-0.02,-0.11,-0.02,1,0,0,0,0,0
0.03,-0.12,0,1,0,0,0,0,0
0.06,-0.02,0.01,1,0,0,0,0,0
0.02,-0.04,-0.06,1,0,0,0,0,0
-0.1,0.02,0.03,1,0,0,0,0,0
0.04,-0.02,0.03,1,0,0,0,0,0
-0.01,-0.01,0.01,1,0,0,0,0,0
0.01,0.05,-0.04,1,0,0,0,0,0
0.02,0.03,-0.03,1,0,0,0,0,0
0.02,0.08,0,1,0,0,0,0,0
0.02,-0.02,0,1,0,0,0,0,0
0,0,-0.02,1,0,0,0,0,0
-0.08,0.09,0.01,1,0,0,0,0,0
-0.03,-0.01,-0.07,1,0,0,0,0,0
0.01,0.03,0.06,1,0,0,0,0,0
-0.03,-0.02,-0.07,1,0,0,0,0,0
-0.06,-0.08,0.01,1,0,0,0,0,0
0.06,0.02,0.03,1,0,0,0,0,0
0.05,0.01,0.01,1,0,0,0,0,0
0.06,0.02,-0.01,1,0,0,0,0,0
-0.01,-0.05,0.03,1,0,0,0,0,0
-0.04,0.12,0.03,1,0,0,0,0,0
0.01,-0.01,0,1,0,0,0,0,0
-0.04,0,-0.04,1,0,0,0,0,0
-0.05,-0.02,0.05,1,0,0,0,0,0
0.02,0.01,0.03,1,0,0,0,0,0
-0.01,0.1,0.03,1,0,0,0,0,0
0.03,-0.05,-0.03,1,0,0,0,0,0
0,-0.03,0.03,1,0,0,0,0,0
0,-0.02,0.06,1,0,0,0,0,0
-0.03,-0.05,0,1,0,0,0,0,0
0.03,0.02,0.06,1,0,0,0,0,0
0.09,-0.04,-0.01,1,0,0,0,0,0
-0.04,0.06,0.1,1,0,0,0,0,0
0,0.02,-0.03,1,0,0,0,0,0
0.01,0.04,0,1,0,0,0,0,0
0.02,-0.04,-0.04,1,0,0,0,0,0
0,0.01,0.04,1,0,0,0,0,0
0.06,-0.06,-0.07,1,0,0,0,0,0
0.04,0.02,-0.07,1,0,0,0,0,0
-0.08,0.06,0.02,1,0,0,0,0,0
0,-0.01,0.06,1,0,0,0,0,0
-0.04,-0.01,0.06,1,0,0,0,0,0
-0.02,-0.02,-0.04,1,0,0,0,0,0
0.03,0.02,0.09,1,0,0,0,0,0
-0.02,-0.01,0.03,1,0,0,0,0,0
0.06,0,-0.01,1,0,0,0,0,0
0.07,0.02,-0.01,1,0,0,0,0,0
-0.02,-0.02,-0.03,1,0,0,0,0,0
-0.04,0,0.03,1,0,0,0,0,0
0.03,0.04,0.03,1,0,0,0,0,0
0.05,-0.03,-0.03,1,0,0,0,0,0
0.03,-0.04,-0.06,1,0,0,0,0,0
0.01,0.04,-0.03,1,0,0,0,0,0
0.03,0.05,0.03,1,0,0,0,0,0
0.05,0.02,0.02,1,0,0,0,0,0
0.02,0,-0.01,1,0,0,0,0,0
-0.03,-0.03,0,1,0,0,0,0,0
0.05,-0.01,-0.01,1,0,0,0,0,0
0.05,-0.07,-0.03,1,0,0,0,0,0
-0.07,-0.09,0,1,0,0,0,0,0
-0.1,-0.09,0.03,1,0,0,0,0,0
-0.03,-0.02,0,1,0,0,0,0,0
0.03,-0.04,-0.04,1,0,0,0,0,0
0.03,0.02,-0.01,1,0,0,0,0,0
0.01,-0.01,0,1,0,0,0,0,0
-0.02,-0.04,0.02,1,0,0,0,0,0
-0.03,0.03,0.02,1,0,0,0,0,0
0,0.04,0.05,1,0,0,0,0,0
0.03,-0.02,-0.01,1,0,0,0,0,0
0.03,0.1,0.03,1,0,0,0,0,0
0.06,-0.02,-0.06,1,0,0,0,0,0
-0.01,-0.03,0.03,1,0,0,0,0,0
-0.05,-0.05,0.07,1,0,0,0,0,0
0,-0.05,-0.05,1,0,0,0,0,0
0.01,-0.05,0.03,1,0,0,0,0,0
0,-0.02,-0.03,1,0,0,0,0,0
0.01,-0.07,0.02,1,0,0,0,0,0
-0.01,-0.02,0.01,1,0,0,0,0,0
-0.04,-0.05,0.01,1,0,0,0,0,0
-0.02,0.01,0,1,0,0,0,0,0
-0.04,-0.1,0,1,0,0,0,0,0
0,0.02,0.03,1,0,0,0,0,0
0.02,-0.01,-0.03,1,0,0,0,0,0
-0.06,-0.03,-0.01,1,0,0,0,0,0
0.01,-0.05,0.03,1,0,0,0,0,0
-0.01,-0.02,-0.09,1,0,0,0,0,0
0.01,-0.01,0.01,1,0,0,0,0,0
0.05,-0.06,0.03,1,0,0,0,0,0
0.08,-0.07,0,1,0,0,0,0,0
0.03,-0.02,0,1,0,0,0,0,0
0.01,-0.01,-0.03,1,0,0,0,0,0
0.03,-0.06,-0.02,1,0,0,0,0,0
0.02,-0.01,-0.06,1,0,0,0,0,0
0.03,0.09,0.03,1,0,0,0,0,0
0.04,-0.02,-0.03,1,0,0,0,0,0
-0.05,0.01,0.03,1,0,0,0,0,0
0,0.09,-0.07,1,0,0,0,0,0
0.02,-0.02,0,1,0,0,0,0,0
0.01,0.02,0.07,1,0,0,0,0,0
0,-0.01,0.06,1,0,0,0,0,0
0.05,-0.03,0.02,1,0,0,0,0,0
0.03,-0.03,0,1,0,0,0,0,0
0,-0.05,0,1,0,0,0,0,0
-0.02,0.07,-0.04,1,0,0,0,0,0
0.03,-0.02,0.06,1,0,0,0,0,0
0,0.05,-0.03,1,0,0,0,0,0
-0.01,0.11,-0.04,1,0,0,0,0,0
-0.04,-0.02,0.02,1,0,0,0,0,0
0.03,0.05,-0.03,1,0,0,0,0,0
0.06,-0.04,0.04,1,0,0,0,0,0
0.01,0.02,0.03,1,0,0,0,0,0
0.03,0.02,-0.05,1,0,0,0,0,0
0.03,-0.01,0,1,0,0,0,0,0
-0.05,0,0.04,1,0,0,0,0,0
-0.04,-0.03,0.03,1,0,0,0,0,0
-0.02,0.02,0.11,1,0,0,0,0,0
0.03,0,-0.01,1,0,0,0,0,0
0.01,-0.07,-0.02,1,0,0,0,0,0
-0.07,0.02,-0.03,1,0,0,0,0,0
-0.04,0.11,-0.03,1,0,0,0,0,0
-0.03,-0.02,0.04,1,0,0,0,0,0
0.03,0.08,-0.05,1,0,0,0,0,0
-0.02,0.01,0.09,1,0,0,0,0,0
0.02,-0.04,0,1,0,0,0,0,0
0,-0.06,-0.01,1,0,0,0,0,0
0.03,-0.04,-0.07,1,0,0,0,0,0
0,-0.08,0,1,0,0,0,0,0
0,0.02,0.01,1,0,0,0,0,0
0.02,-0.01,-0.04,1,0,0,0,0,0
0.06,0.07,-0.04,1,0,0,0,0,0
0.06,0.03,-0.01,1,0,0,0,0,0
0,-0.03,0.02,1,0,0,0,0,0
0.01,0.02,0.01,1,0,0,0,0,0
0.03,0.01,0.04,1,0,0,0,0,0
0,-0.01,-0.04,1,0,0,0,0,0
-0.02,0,0.02,1,0,0,0,0,0
0.03,0.06,0.01,1,0,0,0,0,0
-0.04,0.02,-0.02,1,0,0,0,0,0
0.05,0.03,0.06,1,0,0,0,0,0
0.02,-0.06,0.03,1,0,0,0,0,0
0.01,-0.04,0.06,1,0,0,0,0,0
-0.03,-0.01,-0.06,1,0,0,0,0,0
0.03,-0.04,-0.06,1,0,0,0,0,0
0.03,-0.08,-0.03,1,0,0,0,0,0
0,-0.02,0,1,0,0,0,0,0
0.01,-0.01,-0.09,1,0,0,0,0,0
0.08,-0.05,-0.01,1,0,0,0,0,0
-0.04,-0.01,-0.03,1,0,0,0,0,0
0.06,0.06,0.03,1,0,0,0,0,0
0.01,0.04,-0.05,1,0,0,0,0,0
-0.05,-0.02,0,1,0,0,0,0,0
0,-0.02,0.04,1,0,0,0,0,0
0.06,-0.04,0.01,1,0,0,0,0,0
0.08,-0.01,-0.09,1,0,0,0,0,0
0.06,0.02,-0.02,1,0,0,0,0,0
0.1,0.07,0.03,1,0,0,0,0,0
0.06,0.05,0.08,1,0,0,0,0,0
-0.02,-0.1,-0.03,1,0,0,0,0,0
0,0.03,0.07,1,0,0,0,0,0
0.03,-0.01,0,1,0,0,0,0,0
0.04,-0.01,0.05,1,0,0,0,0,0
0.03,-0.04,0.08,1,0,0,0,0,0
-0.01,-0.06,-0.01,1,0,0,0,0,0
0.02,-0.01,-0.01,1,0,0,0,0,0
0,-0.02,0.04,1,0,0,0,0,0
0.03,0.01,0.03,1,0,0,0,0,0
-0.02,-0.04,0.01,1,0,0,0,0,0
0.02,-0.07,0.03,1,0,0,0,0,0
-0.01,-0.03,-0.01,1,0,0,0,0,0
0.02,-0.07,0.04,1,0,0,0,0,0
0.07,0.02,0.04,1,0,0,0,0,0
0.02,0.01,0,1,0,0,0,0,0
0.03,-0.08,0.06,1,0,0,0,0,0
0.07,0.12,0.13,1,0,0,0,0,0
0.02,0.09,0.04,1,0,0,0,0,0
0.01,-0.02,-0.03,1,0,0,0,0,0
-0.04,0.17,0.03,1,0,0,0,0,0
0.08,0.18,0.17,0,0,0,0,0,0
0,0.04,0.03,1,0,0,0,0,0
0.03,-0.11,-0.08,1,0,0,0,0,0
0.01,-0.2,-0.04,1,0,0,0,0,0
0.02,0.12,0,1,0,0,0,0,0
0.02,0.01,-0.05,1,0,0,0,0,0
-0.01,-0.04,0,1,0,0,0,0,0
0.03,-0.04,-0.05,1,0,0,0,0,0
0.03,-0.09,0.06,1,0,0,0,0,0
0,-0.07,0.05,1,0,0,0,0,0
0.05,-0.16,0.03,1,0,0,0,0,0
0.05,-0.04,0.03,1,0,0,0,0,0
-0.06,0.08,0.04,1,0,0,0,0,0
-0.02,0.11,0.06,1,0,0,0,0,0
0.06,0.07,-0.01,1,0,0,0,0,0
0.03,0.02,0.09,1,0,0,0,0,0
0.02,0.07,0.01,1,0,0,0,0,0
-0.02,0.09,0.06,1,0,0,0,0,0
0.01,-0.04,0,1,0,0,0,0,0
-0.04,0.02,0.01,1,0,0,0,0,0
0.06,0.02,0.03,1,0,0,0,0,0
0.01,0.03,-0.06,1,0,0,0,0,0
0.06,-0.03,0,1,0,0,0,0,0
-0.03,0.02,-0.05,1,0,0,0,0,0
-0.07,-0.04,-0.02,1,0,0,0,0,0
0,-0.1,0.06,1,0,0,0,0,0
0.03,-0.04,-0.05,1,0,0,0,0,0
-0.04,0.07,0,1,0,0,0,0,0
0.06,0.04,-0.03,1,0,0,0,0,0
0.03,-0.04,-0.04,1,0,0,0,0,0
0.06,0.08,-0.03,1,0,0,0,0,0
0.03,0.09,-0.03,1,0,0,0,0,0
-0.02,0.09,0.03,1,0,0,0,0,0
0.04,0.13,0.03,1,0,0,0,0,0
0.01,0.06,-0.02,1,0,0,0,0,0
0.03,-0.04,-0.07,1,0,0,0,0,0
0,-0.11,-0.03,1,0,0,0,0,0
0.06,-0.02,-0.04,1,0,0,0,0,0
-0.04,0.02,0.01,1,0,0,0,0,0
0.01,-0.04,0.01,1,0,0,0,0,0
-0.02,-0.22,-0.01,1,0,0,0,0,0
0.03,0.02,0,1,0,0,0,0,0
-0.02,0.06,0.01,1,0,0,0,0,0
0,-0.02,-0.01,1,0,0,0,0,0
-0.04,-0.03,-0.03,1,0,0,0,0,0
-0.01,0.08,0,1,0,0,0,0,0
-0.04,-0.03,-0.03,1,0,0,0,0,0
0.03,-0.02,-0.02,1,0,0,0,0,0
0.06,0.15,0.03,1,0,0,0,0,0
0.05,0.05,-0.03,1,0,0,0,0,0
-0.02,-0.12,-0.09,1,0,0,0,0,0
-0.07,8.28,1.72,0,0,0,0,0,0
-1.21,51.9,13.82,1,0,0,0,0,0
-0.52,32.42,6.85,1,0,0,0,0,0
0.02,1.28,-0.84,1,0,0,0,0,0
0.27,-17.49,-3.41,1,0,0,0,0,0
0.41,-25.98,-6.48,1,0,0,0,0,0
0.31,-11.36,-1.82,1,0,0,0,0,0
-0.27,9.61,3.12,1,0,0,0,0,0
-0.32,13.7,3.32,1,0,0,0,0,0
-0.18,6.99,1.58,1,0,0,0,0,0
-0.23,11.08,3.14,1,0,0,0,0,0
-0.59,28.46,7.62,1,0,0,0,0,0
-0.51,22.8,5.68,1,0,0,0,0,0
-0.64,9.73,2.1,1,0,0,0,0,0
0.09,1.73,0.4,1,0,0,0,0,0
0,-6.14,-1.55,1,0,0,0,0,0
0.03,-10.76,-2.66,1,0,0,0,0,0
0.06,-10.87,-2.84,1,0,0,0,0,0
-1.29,-20.01,-5.7,1,0,0,0,0,0
-3.87,-28.55,-7.33,1,0,0,0,0,0
-2.82,-15.12,-3.39,1,0,0,0,0,0
-3.91,-2.42,-0.49,1,0,0,0,0,0
-6.52,-0.96,-0.65,1,0,0,0,0,0
-9.39,-11.85,-3.7,1,0,0,0,0,0
-5.42,-28.52,-7.33,1,0,0,0,0,0
-13.2,-10.79,-1.07,0,0,0,0,0,0
-29.83,-44.23,-4.61,1,0,0,0,0,0
-36.06,-19.14,7.15,0,0,0,0,0,0
-35.49,-19.17,12.31,1,0,0,0,0,0
-38.73,-44.76,19.46,1,0,0,0,0,0
-34.07,-55.66,28.45,1,0,0,0,0,0
-27.24,-46.18,40.38,1,0,0,0,0,0
-25.13,-42,57.84,1,0,0,0,0,0
-29.16,-63.36,69.96,1,0,0,0,0,0
-32.37,-68.85,82.28,1,0,0,0,0,0
20.9,-54.59,87.59,1,0,0,0,0,0
-1.99,-50.86,91.71,0,0,0,0,0,0
-3.84,-17.71,100.2,1,0,0,0,0,0
-13.74,-9.59,105.1,0,0,0,0,0,0
-16.32,-3.61,106.92,1,0,0,0,0,0
-13.19,-4.34,113.25,1,0,0,0,0,0
-8.76,-10.39,117.66,1,0,0,0,0,0
-4.27,-20.37,119.77,1,0,0,0,0,0
0.51,-27.15,117.02,1,0,0,0,0,0
5.67,-41.56,103.77,1,0,0,0,0,0
14,-65.85,86.27,1,0,0,0,0,0
31.96,-73.63,61.34,1,0,0,0,0,0
44.96,-76.05,25.81,1,0,0,0,0,0
48.19,-74.64,-11.41,1,0,0,0,0,0
39.58,-58.3,-51.46,1,0,0,0,0,0
25.25,-40.88,-79.29,1,0,0,0,0,0
5.8,-16.2,-92.01,1,0,0,0,0,0
-20.97,8.07,-103.48,1,0,0,0,0,0
-46.07,31.96,-120.16,1,0,0,0,0,0
-55.69,42.41,-136.26,1,0,0,0,0,0
-50.88,48.19,-152.06,1,0,0,0,0,0
-23.84,44.59,-165.5,1,0,0,0,0,0
1.8,37.02,-182.65,1,0,0,0,0,0
24.37,27.88,-196.23,1,0,0,0,0,0
40.96,14.57,-201.77,0,0,0,0,0,0
49.48,6.97,-196.31,0,0,0,0,0,0
49.96,7.45,-182.9,0,0,0,0,0,0
40.05,15.66,-166.29,0,0,0,0,0,0
25.25,24.5,-146.18,0,0,0,0,0,0
16.32,27.46,-122.63,0,0,0,0,0,0
13.83,30.35,-102.13,0,0,0,0,0,0
14.95,32.28,-90.58,0,0,0,0,0,0
14.1,29.21,-85.56,0,0,0,0,0,0
10.22,20.45,-80.53,0,0,0,0,0,0
10.13,16.96,-72.2,0,0,0,0,0,0
14.45,17.5,-64,0,0,0,0,0,0
18.12,14.05,-61.69,1,0,0,0,0,0
19.28,12.99,-61.23,1,0,0,0,0,0
18.49,14.05,-59.04,0,0,0,0,0,0
13.49,18.4,-52.39,0,0,0,0,0,0
4.84,28.61,-46.58,0,0,0,0,0,0
-8.04,30.29,-41.77,0,0,0,0,0,0
-21.39,39.96,-34.96,0,0,0,0,0,0
-32.75,46.47,-27.21,0,0,0,0,0,0
-38.84,51.21,-17.75,0,0,0,0,0,0
-34.61,43.06,-10.09,0,0,0,0,0,0
-17.77,34.37,-2.87,0,0,0,0,0,0
1.66,30.69,9.54,0,0,0,0,0,0
12.72,26.77,22.43,0,0,0,0,0,0
10.72,24.42,36.48,0,0,0,0,0,0
-4.72,31.94,48.19,0,0,0,0,0,0
-28.39,42.43,56.53,0,0,0,0,0,0
-48.99,59.06,56.64,1,0,0,0,0,0
-61.91,70.36,50.67,1,0,0,0,0,0
-60.36,57.22,42.13,1,0,0,0,0,0
-43.42,47.74,38.1,1,0,0,0,0,0
-20.22,40.59,36.71,1,0,0,0,0,0
-1.13,26.53,37.95,0,0,0,0,0,0
6.38,22.77,47.36,0,0,0,0,0,0
1.35,22.15,61,0,0,0,0,0,0
-11.49,28.61,75.29,0,0,0,0,0,0
-29.8,35.54,86.66,0,0,0,0,0,0
-38.44,41.02,92.84,0,0,0,0,0,0
-41.42,51.64,95.72,1,0,0,0,0,0
-43.59,56.26,95.3,1,0,0,0,0,0
-51.24,55.48,95.84,1,0,0,0,0,0
-52.53,51.55,99.6,0,0,0,0,0,0
-49.18,34.61,105.99,0,0,0,0,0,0
-38.91,18.98,115.29,0,0,0,0,0,0
-24.39,14.12,118.67,1,0,0,0,0,0
-18.95,18.63,114.23,1,0,0,0,0,0
-25.65,21.88,102.64,1,0,0,0,0,0
-28.71,26.03,87.5,1,0,0,0,0,0
-24.97,13.45,70.03,1,0,0,0,0,0
-17.5,10.28,57,1,0,0,0,0,0
-14.13,11.33,47.95,1,0,0,0,0,0
-14.89,9.69,49.1,0,0,0,0,0,0
-16.26,9.96,56.19,0,0,0,0,0,0
-18.46,-6.44,70.33,0,0,0,0,0,0
-23.04,-30.39,85.59,0,0,0,0,0,0
-28.2,-50.49,105.55,0,0,0,0,0,0
-30.71,-67.91,125.3,0,0,0,0,0,0
-32.46,-77.51,145.09,0,0,0,0,0,0
-34.75,-77.53,156.93,0,0,0,0,0,0
-41.04,-68.35,159.72,0,0,0,0,0,0
-45.46,-65.88,151.63,1,0,0,0,0,0
-44.68,-57.59,136.38,1,0,0,0,0,0
-35.5,-45.2,113.77,1,0,0,0,0,0
-16.4,-46.33,82.43,1,0,0,0,0,0
-2.8,-55.71,48.9,1,0,0,0,0,0
2.97,-62.59,22.23,1,0,0,0,0,0
0.73,-61.41,9.26,1,0,0,0,0,0
-1.75,-63.37,7.45,0,0,0,0,0,0
-2.55,-68.01,11.02,0,0,0,0,0,0
-4.84,-87.95,15.16,0,0,0,0,0,0
-13.73,-114.01,20.52,0,0,0,0,0,0
-25.77,-127.08,28.29,0,0,0,0,0,0
-31.4,-115.95,36.23,0,0,0,0,0,0
-18.35,-101.26,35.61,1,0,0,0,0,0
-2.73,-104.8,22.48,1,0,0,0,0,0
10.4,-106.87,1.46,1,0,0,0,0,0
15.14,-126.2,-23.58,1,0,0,0,0,0
10.82,-140.3,-44.87,1,0,0,0,0,0
-5.29,-156.59,-57.48,1,0,0,0,0,0
-9.81,-124.6,-58.36,0,0,0,0,0,0
-6.1,-126.22,-61.87,0,0,0,0,0,0
10.75,-113.98,-69.51,0,0,0,0,0,0
30.73,-107.3,-78.45,1,0,0,0,0,0
43.39,-101.23,-85.97,0,0,0,0,0,0
40.41,-106.6,-96.58,0,0,0,0,0,0
23.71,-111.05,-100.58,0,0,0,0,0,0
3.94,-91.78,-104.23,0,0,0,0,0,0
-15.06,-75.19,-109.52,0,0,0,0,0,0
-28.28,-55.75,-108.2,0,0,0,0,0,0
-28.9,-42.09,-94.96,0,0,0,0,0,0
-20.81,-34.67,-80.94,0,0,0,0,0,0
-8.52,-26.52,-69.39,0,0,0,0,0,0
-1.03,-17.49,-64.04,0,0,0,0,0,0
-1.57,-5.66,-64.46,1,0,0,0,0,0
-13.55,0.58,-68.72,1,0,0,0,0,0
-32.6,16.2,-72.55,1,0,0,0,0,0
-45.82,28.14,-75,0,0,0,0,0,0
-48.06,37.71,-73.98,0,0,0,0,0,0
-38.55,36.7,-71.17,0,0,0,0,0,0
-32.5,31.76,-66.2,0,0,0,0,0,0
-34.29,34.38,-60.27,0,0,0,0,0,0
-39.68,43.55,-55.06,0,0,0,0,0,0
-50.17,54.06,-52.71,0,0,0,0,0,0
-55.57,67.14,-56.55,1,0,0,0,0,0
-59.21,71.68,-65.45,1,0,0,0,0,0
-54.75,84.79,-74.86,1,0,0,0,0,0
-49.86,90.41,-80.68,0,0,0,0,0,0
-48.02,91.51,-79.41,0,0,0,0,0,0
-48.62,89.89,-72.15,0,0,0,0,0,0
-44.62,85.94,-67.49,0,0,0,0,0,0
-35.4,75.39,-56.33,0,0,0,0,0,0
-23.59,65.41,-47.34,0,0,0,0,0,0
-14.35,59.41,-39.8,0,0,0,0,0,0
-8.97,54.51,-27.56,0,0,0,0,0,0
-6.94,54.08,-18.71,0,0,0,0,0,0
-4.69,48.53,-8.23,0,0,0,0,0,0
-0.96,47.06,-2.87,0,0,0,0,0,0
1.95,45.02,-0.64,1,0,0,0,0,0
4.25,46.52,0.35,1,0,0,0,0,0
6.57,52.92,-0.08,1,0,0,0,0,0
6.19,56.44,-2.39,1,0,0,0,0,0
4.04,55.6,-4.71,1,0,0,0,0,0
2.12,56.02,-6.38,1,0,0,0,0,0
-0.1,57.12,-7.84,1,0,0,0,0,0
-1.4,57,-10.52,1,0,0,0,0,0
-2.12,50.42,-14.23,1,0,0,0,0,0
-2.33,44.16,-14.06,1,0,0,0,0,0
0.74,37.8,-9.1,1,0,0,0,0,0
5.96,27.24,-0.59,0,0,0,0,0,0
13.51,19.93,10.42,0,0,0,0,0,0
22.42,10.3,22.05,0,0,0,0,0,0
23.41,8.43,33.74,0,0,0,0,0,0
20.88,8.99,42.84,0,0,0,0,0,0
13.17,9.99,48.01,1,0,0,0,0,0
9.87,9.51,47.39,1,0,0,0,0,0
8.5,3.12,41.86,1,0,0,0,0,0
6.16,-6.64,35.48,1,0,0,0,0,0
0.28,-18.02,31.98,1,0,0,0,0,0
-6.65,-32.25,34.68,0,0,0,0,0,0
-15.52,-44.61,43.59,0,0,0,0,0,0
-18,-52.35,54,0,0,0,0,0,0
-9.51,-54.14,60.32,0,0,0,0,0,0
-1.27,-52.98,60.43,1,0,0,0,0,0
3.83,-48.98,56.64,1,0,0,0,0,0
1.31,-47.67,52.51,1,0,0,0,0,0
-6.58,-40.17,51.12,1,0,0,0,0,0
-14.39,-29.19,49.84,1,0,0,0,0,0
-19.08,-22.68,44.91,1,0,0,0,0,0
-21.56,-21.04,39.1,1,0,0,0,0,0
-21.9,-20.68,31.5,1,0,0,0,0,0
-20.94,-21.05,25.29,1,0,0,0,0,0
-18.51,-20.55,25.71,0,0,0,0,0,0
-15.94,-20.43,28.64,0,0,0,0,0,0
-14.32,-21.95,31.26,0,0,0,0,0,0
-15.49,-23.68,32.2,0,0,0,0,0,0
-18.6,-23.72,31.64,1,0,0,0,0,0
-22.17,-14.3,30.84,1,0,0,0,0,0
-25.29,-7,28.65,1,0,0,0,0,0
-24.76,-1.91,24.33,1,0,0,0,0,0
-20.52,0.65,17.24,1,0,0,0,0,0
-17.83,3.83,9.22,1,0,0,0,0,0
-18.68,4.93,2.55,1,0,0,0,0,0
-20.4,7.12,-1.55,1,0,0,0,0,0
-22.82,13.47,-3.29,1,0,0,0,0,0
-25.68,19.94,-4.39,1,0,0,0,0,0
-28.78,24.13,-6.69,1,0,0,0,0,0
-29.97,28.5,-11.29,1,0,0,0,0,0
-28.1,30.43,-18.1,1,0,0,0,0,0
-25.07,30.22,-25.12,1,0,0,0,0,0
-23.93,33.5,-31.29,1,0,0,0,0,0
-19.27,33.88,-34.94,1,0,0,0,0,0
-18.23,34.29,-35.9,1,0,0,0,0,0
-20.29,33.41,-32.56,0,0,0,0,0,0
-24.67,32.96,-25.28,0,0,0,0,0,0
-27.93,32.16,-18.23,0,0,0,0,0,0
-27.2,33.33,-8.32,0,0,0,0,0,0
-24.29,31.38,-4.27,1,0,0,0,0,0
-19.08,26.4,-3.62,1,0,0,0,0,0
-15.06,20.61,-6.19,1,0,0,0,0,0
-16.13,17.03,-7.28,1,0,0,0,0,0
-19.99,15.21,-10.26,1,0,0,0,0,0
-22.38,13.17,-8.97,1,0,0,0,0,0
-23.28,10.65,-6.16,0,0,0,0,0,0
-25.77,11.18,-2.68,0,0,0,0,0,0
-32.08,14.06,5.86,0,0,0,0,0,0
-37.25,13.22,11.45,1,0,0,0,0,0
-38.91,9.67,15.81,1,0,0,0,0,0
-38.59,3.71,17.28,1,0,0,0,0,0
-35.11,-0.07,17.06,1,0,0,0,0,0
-31.88,3.54,17.5,1,0,0,0,0,0
-31.8,12.1,17.01,1,0,0,0,0,0
-33.9,17.86,14.45,1,0,0,0,0,0
-34.97,22.79,14.11,0,0,0,0,0,0
-37.03,24.44,18.15,0,0,0,0,0,0
-39.69,22.92,25.81,0,0,0,0,0,0
-40.15,27.67,32.75,1,0,0,0,0,0
-33.92,27.18,30.32,1,0,0,0,0,0
-28.55,23.83,20.09,1,0,0,0,0,0
-23.17,27.66,7.84,1,0,0,0,0,0
-16.62,24.55,-4.75,1,0,0,0,0,0
-11.73,21.09,-13.73,1,0,0,0,0,0
-3.3,21.37,-20.57,1,0,0,0,0,0
1.28,15.99,-27.61,1,0,0,0,0,0
3.92,8.27,-31.98,0,0,0,0,0,0
5.95,2.71,-29.48,0,0,0,0,0,0
8.78,-3.18,-22,0,0,0,0,0,0
12.41,-9.33,-15.13,0,0,0,0,0,0
20.68,-10.52,-14.28,1,0,0,0,0,0
28.68,-11.47,-22.19,1,0,0,0,0,0
30.34,-12.8,-36.1,1,0,0,0,0,0
26.45,-15.65,-44.36,1,0,0,0,0,0
21.51,-12.89,-50.03,1,0,0,0,0,0
17.68,-11.41,-43.68,0,0,0,0,0,0
15.02,-12.81,-37.65,0,0,0,0,0,0
14.46,-17.04,-34.42,0,0,0,0,0,0
17.11,-22.75,-27.77,0,0,0,0,0,0
22.55,-20.52,-23.62,0,0,0,0,0,0
25.35,-22.39,-19.71,0,0,0,0,0,0
26.78,-22.95,-16.1,0,0,0,0,0,0
28.23,-22.84,-14.68,0,0,0,0,0,0
29.39,-21.96,-9.74,0,0,0,0,0,0
30.51,-17.84,-8.36,1,0,0,0,0,0
31.6,-11.36,-9.51,1,0,0,0,0,0
32.02,-8.68,-11.35,1,0,0,0,0,0
32.27,-11.88,-10.28,0,0,0,0,0,0
36.25,-18.47,-4.69,0,0,0,0,0,0
43.42,-22.59,3.27,0,0,0,0,0,0
51.11,-24.05,9.14,0,0,0,0,0,0
57.23,-24.21,12.32,0,0,0,0,0,0
58.75,-18.14,12.16,1,0,0,0,0,0
55.22,-13.06,8.15,1,0,0,0,0,0
50.27,-10.15,3.13,1,0,0,0,0,0
44.16,-7.15,-0.97,1,0,0,0,0,0
38.97,-7.22,-3.86,1,0,0,0,0,0
40.16,-11.41,-4.62,1,0,0,0,0,0
42.98,-17.81,-2.7,0,0,0,0,0,0
44.8,-19.83,3.76,0,0,0,0,0,0
43.34,-21.46,12.73,0,0,0,0,0,0
39.33,-22.46,20.46,0,0,0,0,0,0
31.84,-18.01,23.42,1,0,0,0,0,0
21.92,-15.01,21.65,1,0,0,0,0,0
14.84,-14.35,16.64,1,0,0,0,0,0
9.09,-13.67,11.57,1,0,0,0,0,0
12.35,-10.6,8.82,1,0,0,0,0,0
18,-10.4,8.77,0,0,0,0,0,0
23.38,-5.2,9.99,0,0,0,0,0,0
23.09,1.86,7.1,1,0,0,0,0,0
23.48,11.66,2.26,1,0,0,0,0,0
23.18,15.37,-8,1,0,0,0,0,0
21.32,12.09,-13.57,1,0,0,0,0,0
21.47,3.73,-11.31,0,0,0,0,0,0
21.22,-3.04,-5.68,0,0,0,0,0,0
23.28,-5.13,-1.03,0,0,0,0,0,0
27,-5.72,5.55,1,0,0,0,0,0
29.74,-6.15,7.12,1,0,0,0,0,0
30.67,-4.55,6.44,1,0,0,0,0,0
28.44,-2.36,4.67,1,0,0,0,0,0
24.51,2.4,2.27,1,0,0,0,0,0
20.98,4.57,-0.9,1,0,0,0,0,0
19.2,2.7,-4.1,1,0,0,0,0,0
20,0.48,-7.11,1,0,0,0,0,0
22.18,-1.1,-8.07,1,0,0,0,0,0
25.66,-2.72,-6.81,1,0,0,0,0,0
27.79,-3.68,-4.52,1,0,0,0,0,0
27.09,-4.41,-2.45,1,0,0,0,0,0
25.83,-4.78,-1.78,1,0,0,0,0,0
25.02,-5.25,-1.76,1,0,0,0,0,0
25.23,-5.61,-1.88,1,0,0,0,0,0
27.88,-5.48,-3.66,1,0,0,0,0,0
29.74,-3.4,-8.76,1,0,0,0,0,0
29.55,-0.4,-15.68,1,0,0,0,0,0
27.76,0.91,-22.88,1,0,0,0,0,0
26.67,2.4,-27.66,1,0,0,0,0,0
20.71,1.67,-28.68,1,0,0,0,0,0
19.26,1.53,-26.83,1,0,0,0,0,0
20.61,0.93,-24.55,1,0,0,0,0,0
23.41,-0.17,-21.52,1,0,0,0,0,0
25.7,-2.86,-16.72,0,0,0,0,0,0
26.63,-5.64,-11.03,1,0,0,0,0,0
26.67,-8.26,-7.42,1,0,0,0,0,0
20.02,-10.46,-6.63,1,0,0,0,0,0
15.48,-13.58,-7.57,1,0,0,0,0,0
11.38,-15.33,-8.8,1,0,0,0,0,0
8.77,-12.96,-9.9,1,0,0,0,0,0
7.36,-8.3,-11,1,0,0,0,0,0
6,1.05,-13.34,1,0,0,0,0,0
3.47,4.03,-15.36,1,0,0,0,0,0
1.46,0.86,-13.81,0,0,0,0,0,0
1.47,-3.99,-8.97,0,0,0,0,0,0
4.18,-10.6,2.26,0,0,0,0,0,0
7.82,-19.47,6.61,0,0,0,0,0,0
9.66,-27.69,8.5,1,0,0,0,0,0
7.74,-27.92,2.66,1,0,0,0,0,0
3.26,-20.61,-6.68,1,0,0,0,0,0
-2.01,-13.54,-15.11,1,0,0,0,0,0
-3.09,-8.47,-23.92,1,0,0,0,0,0
-1.4,-7.49,-26.18,1,0,0,0,0,0
0.64,-9.07,-24.22,0,0,0,0,0,0
2.64,-12.02,-20.4,0,0,0,0,0,0
5.7,-16.42,-15.71,0,0,0,0,0,0
8.46,-22.06,-11.65,0,0,0,0,0,0
9.95,-26.41,-8.82,0,0,0,0,0,0
9.86,-31.51,-7.53,0,0,0,0,0,0
10.17,-35.48,-6.77,0,0,0,0,0,0
10.99,-34.49,-8.16,1,0,0,0,0,0
13.73,-26.26,-11.6,1,0,0,0,0,0
17.06,-19.25,-15.62,1,0,0,0,0,0
17.09,-18.74,-17.91,1,0,0,0,0,0
15.62,-20.06,-16.55,0,0,0,0,0,0
14.22,-21.63,-13.03,0,0,0,0,0,0
14.33,-24.75,-10.26,0,0,0,0,0,0
14.85,-32.28,-10.72,1,0,0,0,0,0
7.91,-36.58,-14.42,1,0,0,0,0,0
2.2,-31.58,-19.09,1,0,0,0,0,0
-1.38,-15.99,-22.39,1,0,0,0,0,0
-1.33,-2.11,-26.94,1,0,0,0,0,0
-3.3,-3.48,-30.84,1,0,0,0,0,0
-6.05,-2.26,-28.32,1,0,0,0,0,0
-8.9,-6.39,-21.84,0,0,0,0,0,0
-10.42,-12.01,-14.08,0,0,0,0,0,0
-8.6,-12.23,-7.73,0,0,0,0,0,0
-5.13,-11.67,-5.71,0,0,0,0,0,0
-2.52,-12.54,-7.09,1,0,0,0,0,0
-0.88,-11.27,-10.01,1,0,0,0,0,0
-2.07,-10.11,-13.91,1,0,0,0,0,0
-7.98,-11.87,-18.42,1,0,0,0,0,0
-15.96,-14.04,-21.2,1,0,0,0,0,0
-23.17,-13.7,-20.29,0,0,0,0,0,0
-27.85,-13.02,-16.3,0,0,0,0,0,0
-28.65,-12.32,-9.45,0,0,0,0,0,0
-26.22,-13.94,-3.28,0,0,0,0,0,0
-22.84,-16.43,-1.26,0,0,0,0,0,0
-21.26,-17.69,1.41,0,0,0,0,0,0
-21.85,-20.46,-0.84,1,0,0,0,0,0
-24.52,-21.88,-4.3,1,0,0,0,0,0
-29.77,-21.69,-7.13,1,0,0,0,0,0
-35.76,-22.54,-8.3,0,0,0,0,0,0
-40.03,-21.68,-7.73,0,0,0,0,0,0
-42.51,-21.36,-5.47,0,0,0,0,0,0
-42.33,-24.22,-0.19,0,0,0,0,0,0
-39.12,-30.09,6.13,0,0,0,0,0,0
-33.57,-35.57,11.75,0,0,0,0,0,0
-29.55,-40.15,14.85,0,0,0,0,0,0
-29.17,-42.55,15.23,0,0,0,0,0,0
-31.88,-41.39,12.89,1,0,0,0,0,0
-34.68,-39.1,8.12,1,0,0,0,0,0
-36.39,-36.85,1.48,1,0,0,0,0,0
-38,-35.71,-5.27,1,0,0,0,0,0
-39.05,-36.54,-9.29,1,0,0,0,0,0
-40.54,-38.78,-10.71,0,0,0,0,0,0
-41.97,-43.83,-10.59,0,0,0,0,0,0
-41.06,-44.42,-8.96,0,0,0,0,0,0
-39.81,-47.78,-6.33,0,0,0,0,0,0
-38.71,-50.24,-2.35,0,0,0,0,0,0
-35.93,-53.9,1.29,0,0,0,0,0,0
-35.68,-58.3,1.06,0,0,0,0,0,0
-36.3,-65.79,-4.24,1,0,0,0,0,0
-40.54,-60.98,-10.03,0,0,0,0,0,0
-41.63,-53.3,-13.95,0,0,0,0,0,0
-45.04,-45.4,-15.74,0,0,0,0,0,0
-46.73,-39.65,-18.11,0,0,0,0,0,0
-48.03,-31.59,-21.59,0,0,0,0,0,0
-48.78,-31.48,-24.71,0,0,0,0,0,0
-49.47,-36.2,-23.99,0,0,0,0,0,0
-47.92,-42.98,-20.01,0,0,0,0,0,0
-45.13,-41.4,-14.19,0,0,0,0,0,0
-41.73,-38.63,-9.54,0,0,0,0,0,0
-38.36,-33.69,-4.71,0,0,0,0,0,0
-35.86,-32.46,-2.94,0,0,0,0,0,0
-35.81,-35.23,2.52,0,0,0,0,0,0
-40.82,-38.13,5.19,0,0,0,0,0,0
-49.04,-38.17,8.09,0,0,0,0,0,0
-56.3,-34.25,10.79,0,0,0,0,0,0
-59.06,-28.7,19.14,0,0,0,0,0,0
-53.96,-21.48,25.24,0,0,0,0,0,0
-44.98,-8.49,26.3,0,0,0,0,0,0
-40.54,3.12,19.63,0,0,0,0,0,0
-41.71,8.24,11.47,0,0,0,0,0,0
-45.92,11.36,7.26,0,0,0,0,0,0
-53.31,13.93,7.37,0,0,0,0,0,0
-61.92,14.64,12.63,0,0,0,0,0,0
-64.62,12.4,21.93,0,0,0,0,0,0
-62.7,10.99,32.99,0,0,0,0,0,0
-55.06,8.02,42.26,0,0,0,0,0,0
-46.49,1.35,48.39,0,0,0,0,0,0
-43.17,-4.4,51.88,0,0,0,0,0,0
-39.21,-10.49,52.23,0,0,0,0,0,0
-41.9,-11.79,49.19,0,0,0,0,0,0
-54.95,-12.12,44.6,0,0,0,0,0,0
-63.37,-15.2,41.82,0,0,0,0,0,0
-70.2,-15.72,43.08,0,0,0,0,0,0
-68.78,-14.34,47.09,0,0,0,0,0,0
-57.41,-11.85,50.37,0,0,0,0,0,0
-49.52,-11.24,48.43,0,0,0,0,0,0
-43.46,-17.09,45.1,1,0,0,0,0,0
-38.9,-18.62,34.84,1,0,0,0,0,0
-38.45,-27.6,24.39,1,0,0,0,0,0
-43.82,-44.55,14.58,1,0,0,0,0,0
-51.24,-61.12,7.88,0,0,0,0,0,0
-53.62,-70.14,4.65,0,0,0,0,0,0
-51.76,-79.1,4.45,0,0,0,0,0,0
-48.97,-83.28,-2.11,0,0,0,0,0,0
-48.5,-89.56,-8.13,0,0,0,0,0,0
-53.1,-101.39,-13.94,0,0,0,0,0,0
-55.83,-115.81,-17.42,0,0,0,0,0,0
-48.65,-127.35,-15.52,0,0,0,0,0,0
-33.87,-134.5,-8.29,0,0,0,0,0,0
-10.04,-145.39,2.2,0,0,0,0,0,0
14.67,-150.57,12.1,0,0,0,0,0,0
31.18,-144.36,17.5,0,0,0,0,0,0
37.78,-134.78,19.52,0,0,0,0,0,0
34.73,-122.56,21.14,0,0,0,0,0,0
24.4,-116.37,24.27,0,0,0,0,0,0
13.95,-117.68,26.94,0,0,0,0,0,0
12.69,-123.54,29.15,0,0,0,0,0,0
28.32,-121.8,29.98,0,0,0,0,0,0
56.12,-135.99,28.73,0,0,0,0,0,0
89.02,-144.21,28.42,0,0,0,0,0,0
118.33,-141.78,27.03,0,0,0,0,0,0
140.38,-133.05,22.14,0,0,0,0,0,0
149.37,-116.9,12.08,0,0,-1,0,0,0
142.22,-108.95,-2.4,0,0,-1,0,0,0
126.41,-108.52,-13.23,0,0,-1,0,0,0
105.54,-98.77,-17.61,0,0,-1,0,0,0
95.15,-87.75,-17.12,0,0,-1,0,0,0
96.92,-84.29,-15.68,0,0,0,0,0,0
105.24,-90.09,-15.22,0,0,0,0,0,0
117.34,-99.39,-17.74,0,0,0,0,0,0
126.96,-102.88,-21.01,0,0,0,0,0,0
133.03,-96.85,-24.26,0,0,-1,0,0,0
132,-84.04,-29.66,0,0,-1,0,0,0
121.51,-75.43,-36.93,0,0,-1,0,0,0
106.99,-67.48,-44.96,0,0,-1,0,0,0
97.96,-55.65,-52.8,0,0,-1,0,0,0
93.02,-42.77,-57.41,0,0,-1,0,0,0
90.6,-35.86,-58.31,0,0,-1,0,0,0
89.87,-34.01,-54.27,0,0,-1,0,0,0
92.33,-26.94,-49.7,0,0,0,0,0,0
92.73,-10.59,-43.14,0,0,0,0,0,0
88.56,12.17,-44.56,0,0,0,0,0,0
78.79,28.56,-53.74,0,0,-1,0,0,0
64.17,52.28,-53.41,0,0,-1,0,0,0
46.77,81.5,-42.81,0,0,-1,0,0,0
30,113.18,-27.13,0,0,-1,0,0,0
15.05,142.69,-8.34,0,0,-1,0,0,0
5.69,169.8,2.06,0,0,-1,0,0,0
5.87,191.38,-1.97,0,0,0,0,0,0
9.31,198.9,-19.88,0,0,0,0,0,0
8.81,200.09,-42.19,0,0,-1,0,0,0
1.09,211.25,-58.53,0,0,-1,0,0,0
-5.49,213.14,-63.71,0,0,0,0,0,0
-3.71,210.56,-57.52,0,0,0,0,0,0
-1.04,213.48,-47.29,0,0,0,0,0,0
-1.52,225.67,-40.78,0,0,0,0,0,0
-6.8,239.96,-40.51,0,0,0,0,0,0
-14.3,248.63,-46.93,0,0,-1,0,0,0
-20.5,246.99,-59.64,1,0,-1,0,0,0
-30.07,240.94,-76.83,1,0,-1,0,0,0
-41.27,237.24,-88.8,1,0,0,0,0,0
-43.71,228.68,-88.41,0,0,0,0,0,0
-40.17,225.07,-83.24,0,0,0,0,0,0
-33.91,211.19,-84.03,0,0,0,0,0,0
-31.29,202.87,-87.39,0,0,0,0,0,0
-31.88,205.8,-87.01,0,0,0,0,0,0
-33.55,215.7,-80.2,0,0,0,0,0,0
-29.88,216.02,-67.49,0,0,0,0,0,0
-14.26,205.06,-50.58,0,0,0,0,0,0
0.83,189.6,-41.74,1,0,0,0,0,0
4.74,181.59,-37.96,1,0,0,0,0,0
-2.42,188.67,-41.71,1,0,0,0,0,0
-13.18,196.73,-47.84,1,0,0,0,0,0
-19.46,207.15,-49.48,0,0,0,0,0,0
-20.27,206.6,-45.68,0,0,0,0,0,0
-11.25,208.28,-33.55,0,0,0,0,0,0
4.54,200.64,-20.86,0,0,0,0,0,0
20.15,188,-15.84,1,0,0,0,0,0
31.01,185.61,-14.71,1,0,0,0,0,0
31.25,190.64,-19.26,1,0,0,0,0,0
20.07,191.93,-31.79,1,0,0,0,0,0
7.45,190.06,-37.67,1,0,0,0,0,0
2.74,186.34,-33.43,0,0,0,0,0,0
3.82,184.96,-25.93,0,0,0,0,0,0
6.02,185.81,-17.19,0,0,0,0,0,0
8.31,177.26,-12.74,0,0,0,0,0,0
7.53,166.84,-7.76,0,0,0,0,0,0
0.77,162.24,-6.21,0,0,0,0,0,0
-7.54,156.48,-8.8,1,0,0,0,0,0
-10.6,156.4,-12.87,0,0,0,0,0,0
-9.13,156.87,-15.52,0,0,0,0,0,0
-7.65,159.38,-14.79,0,0,0,0,0,0
-7.88,168.4,-10.74,0,0,0,0,0,0
-8.04,169.67,-7.49,0,0,0,0,0,0
-8.19,166.56,-5.82,0,0,0,0,0,0
-9.42,165.94,-4.71,0,0,0,0,0,0
-13.47,162.11,-2.09,0,0,0,0,0,0
-16.97,157.71,3.84,0,0,0,0,0,0
-18.75,157.01,8.18,0,0,0,0,0,0
-18.49,152.37,7.36,0,0,0,0,0,0
-15.39,145.69,6.9,0,0,0,0,0,0
-12.04,142.28,10.29,0,0,0,0,0,0
-7.6,145.58,18.84,0,0,0,0,0,0
-10.26,136.83,28.47,0,0,0,0,0,0
-12.88,118.22,38.77,0,0,0,0,0,0
-9.53,103.14,47.22,0,0,0,0,0,0
-1.88,93.07,49.41,0,0,0,0,0,0
4.78,88.03,38.52,0,0,0,0,0,0
9.14,84.35,27.19,0,0,0,0,0,0
11.89,82.64,14.11,0,0,0,0,0,0
12.35,86.43,4.12,0,0,0,0,0,0
11.19,86.06,-1.6,0,0,0,0,0,0
7.9,78.99,1.52,0,0,0,0,0,0
4.76,71.92,9.71,0,0,0,0,0,0
1.18,64.91,16.98,0,0,0,0,0,0
-1.97,60.75,24.13,0,0,0,0,0,0
-2.29,60.35,28.59,0,0,0,0,0,0
-0.2,57.2,26.59,0,0,0,0,0,0
1.95,45.15,24.42,0,0,0,0,0,0
5.36,31.93,23.16,0,0,0,0,0,0
7.35,23.35,21.13,0,0,0,0,0,0
4.8,25.56,17.06,0,0,0,0,0,0
-1.97,39.19,11.29,0,0,0,0,0,0
-11.23,56.15,5.61,0,0,0,0,0,0
-20.86,70.26,2.67,0,0,0,0,0,0
-27.39,71.13,3.03,0,0,0,0,0,0
-27.62,57.86,7.03,0,0,0,0,0,0
-20.83,35.52,11.19,0,0,1,0,0,0
-8.07,13.52,15.06,0,0,1,0,0,0
5.55,10.94,15.86,0,0,1,0,0,0
13.27,17.48,8.73,0,0,0,0,0,0
16.15,14.77,-0.86,0,0,0,0,0,0
13.99,8.23,-6.19,0,0,0,0,0,0
7.91,-3.23,-4.94,0,0,0,0,0,0
1.29,-20.94,1.48,0,0,0,0,0,0
-9.36,-40.25,8.74,0,0,0,0,0,0
-17.78,-55.04,13.26,0,0,0,0,0,0
-24.63,-69.46,14.84,0,0,0,0,0,0
-27.9,-75.81,11.74,0,0,0,0,0,0
-24.42,-65.7,9.41,0,0,1,0,0,0
-17.39,-32.14,7.2,0,0,0,0,0,0
-11.26,8.46,2.29,0,0,0,0,0,0
-6.68,10.8,-2.56,0,0,1,0,0,0
-4.36,1.35,-3.44,0,0,0,0,0,0
0.34,-16.43,0.06,0,0,0,0,0,0
1.91,-38.71,3.48,0,0,0,0,0,0
1.76,-54.91,3.81,0,0,0,0,0,0
-2.26,-57.7,0.61,0,0,0,0,0,0
-8.13,-60.47,-7.6,0,0,0,0,0,0
-12.47,-71.02,-15.15,0,0,0,0,0,0
-10.65,-89.94,-17.97,0,0,0,0,0,0
-4.88,-108.81,-16.59,0,0,1,0,0,0
0.16,-122.59,-8.56,0,0,1,0,0,0
0.06,-126.3,-5.25,0,0,0,0,0,0
-4.04,-130.05,-5.45,0,0,0,0,0,0
-9.36,-146.68,-13.3,0,0,0,0,0,0
-14.13,-175.81,-23.92,0,0,0,0,0,0
-18.31,-209.46,-29.32,0,0,0,0,0,0
-23.55,-226.04,-30.39,0,0,0,0,0,0
-24.04,-224.78,-26.67,0,0,0,0,0,0
-22.22,-214.33,-20.54,0,0,0,0,0,0
-19.76,-206.46,-13.84,0,0,0,0,0,0
-14.81,-202.78,-8.51,0,0,0,0,0,0
-7.81,-208.4,-5.41,0,0,0,0,0,0
-1.39,-205.82,-0.87,0,0,0,0,0,0
1.32,-198.78,-0.16,0,0,0,0,0,0
-11.39,-179.37,-7.74,1,0,0,0,0,0
-18.23,-162.36,-18.17,1,0,0,0,0,0
-21.75,-148.17,-22.5,0,0,0,0,0,0
-20.81,-144.49,-18.36,0,0,0,0,0,0
-14.93,-146.17,-10.21,0,0,0,0,0,0
-3.14,-156.16,-4.81,0,0,0,0,0,0
7.54,-181.5,-6.39,0,0,0,0,0,0
17.52,-207.88,-10.2,1,0,0,0,0,0
23.36,-226.98,-10.58,0,0,0,0,0,0
30.16,-236.7,-7.77,0,0,0,0,0,0
40.74,-241.43,-7.08,0,0,0,0,0,0
50.97,-244.44,-3.69,0,0,0,0,0,0
58.01,-245.22,0.87,0,0,0,0,0,0
59.34,-249.34,10.23,0,0,0,0,0,0
56.54,-249.34,13.06,0,0,0,0,0,0
52.94,-249.34,12.35,1,0,0,0,0,0
46.24,-234.84,6.26,1,0,0,0,0,0
38.23,-211.94,-5.16,1,0,0,0,0,0
32.69,-178.83,-14.91,1,0,0,0,0,0
32.25,-153.79,-24.71,1,0,0,0,0,0
34.87,-143.81,-31.42,1,0,0,0,0,0
39.19,-147.81,-33.44,0,0,0,0,0,0
44.58,-167.81,-32.09,0,0,0,0,0,0
50.35,-185.26,-25.96,0,0,0,0,0,0
53.61,-194.85,-18.81,0,0,0,0,0,0
55.51,-195.11,-13.79,0,0,0,0,0,0
57.45,-179.68,-13.27,0,0,0,0,0,0
53.17,-171.49,-18.26,0,0,0,0,0,0
44.12,-159.66,-22.46,0,0,0,0,0,0
29.62,-138.06,-23.36,0,0,0,0,0,0
12.37,-122.75,-20.02,0,0,0,0,0,0
0.04,-118.65,-11.68,0,0,0,0,0,0
-6,-117.36,-1.15,0,0,0,0,0,0
-10.95,-114.88,8.48,0,0,0,0,0,0
-14.11,-109.88,16.49,0,0,0,0,0,0
-8.74,-102.45,21.57,0,0,0,0,0,0
-8.32,-97.27,21.3,0,0,0,0,0,0
-7.18,-99.27,19.71,0,0,0,0,0,0
-11.96,-93.94,20.77,0,0,0,0,0,0
-16.46,-79.47,20.79,0,0,0,0,0,0
-20.45,-73.27,18.94,0,0,0,0,0,0
-23.42,-70.98,18.05,0,0,0,0,0,0
-23.26,-73.81,21.23,0,0,0,0,0,0
-19.46,-69.43,26.19,0,0,0,0,0,0
-15.01,-65.1,33.43,0,0,0,0,0,0
-13.08,-55.93,34.35,0,0,0,0,0,0
-14.23,-49.64,30.97,0,0,0,0,0,0
-14.81,-50.43,27.88,0,0,0,0,0,0
-15.07,-51.24,26.68,0,0,0,0,0,0
-14.77,-55.78,27.3,0,0,0,0,0,0
-10.42,-60.19,28.35,0,0,0,0,0,0
-5.95,-67.85,27.52,0,0,0,0,0,0
-7.29,-68.98,25.54,0,0,0,0,0,0
-13.13,-60.06,25.42,0,0,0,0,0,0
-14.36,-51.31,29,0,0,0,0,0,0
-11.81,-52.1,33.67,0,0,0,0,0,0
-11.23,-56.72,36.63,0,0,0,0,0,0
-11.65,-57.49,39.18,0,0,0,0,0,0
-13.29,-53.1,41.67,0,0,0,0,0,0
-15.48,-43.05,42.75,0,0,0,0,0,0
-17.91,-32.65,42.35,0,0,0,0,0,0
-10.64,-37.62,42.58,0,0,0,0,0,0
-6.97,-44.45,45.45,0,0,0,0,0,0
-9.78,-52.75,49.63,0,0,-1,0,0,0
-18.52,-55.63,53.76,0,0,-1,0,0,0
-29.81,-55.54,62.4,0,0,-1,0,0,0
-37.35,-40.27,65.15,0,0,0,0,0,0
-38.57,-32.24,58.83,0,0,0,0,0,0
-35.46,-19.36,50,0,0,0,0,0,0
-28.2,-13.11,44.61,0,0,0,0,0,0
-15.96,-10.42,40.06,0,0,0,0,0,0
-3.87,-9.83,37.93,0,0,0,0,0,0
4.09,-9.99,37.42,0,0,0,0,0,0
8.85,-14.86,37.39,0,0,0,0,0,0
10.46,-19.69,41.06,0,0,0,0,0,0
8.8,-13.86,47.23,0,0,0,0,0,0
4.34,1.77,53.97,0,0,-1,0,0,0
-1.15,21.36,58.55,0,0,-1,0,0,0
-6.65,39.89,59.1,0,0,0,0,0,0
-7.64,52.61,57.75,0,0,0,0,0,0
-4.85,63.96,56.32,0,0,0,0,0,0
-3.88,74.22,54.44,0,0,0,0,0,0
-5.82,86.84,51.97,0,0,0,0,0,0
-9.23,99.05,50.2,0,0,0,0,0,0
-13.89,112.99,49.57,0,0,0,0,0,0
-18.54,130.5,48.92,0,0,0,0,0,0
-24.78,145.28,46.9,0,0,0,0,0,0
-26.8,158.3,46.52,0,0,0,0,0,0
-27.37,167.99,47.9,0,0,0,0,0,0
-27.47,183.14,50.52,0,0,0,0,0,0
-27.42,206.61,53.29,0,0,0,0,0,0
-26.79,222.21,55.7,0,0,0,0,0,0
-19.81,242.2,56.51,0,0,0,0,0,0
-12.94,250.93,49.79,1,0,0,0,0,0
-9.2,250.93,39.13,1,0,0,0,0,0
-11.88,250.93,21.32,1,0,0,0,0,0
-19.26,250.93,3.36,1,0,0,0,0,0
-27.74,250.93,-14.3,1,0,0,0,0,0
-36.22,250.93,-24.88,1,0,0,0,0,0
-40.17,250.93,-30.63,1,0,0,0,0,0
-38.15,250.93,-28.12,0,0,0,0,0,0
-33.78,250.93,-23.82,0,0,0,0,0,0
-27.29,250.93,-20.36,0,0,0,0,0,0
-19.33,250.93,-17.15,0,0,0,0,0,0
-9.39,250.93,-11.26,0,0,0,0,0,0
4.94,244.47,-1.45,0,0,0,0,0,0
18.36,230.9,8.35,0,0,0,0,0,0
29.51,223.06,16.19,0,0,0,0,0,0
34.19,218.92,20.28,1,0,0,0,0,0
34.76,219.53,21.24,1,0,0,0,0,0
36.51,220.35,20.85,1,0,0,0,0,0
42.22,214.26,20.35,1,0,0,0,0,0
47.1,198.76,23.86,1,0,0,0,0,0
52.09,191.62,25.53,1,0,0,0,0,0
52.27,193.49,22.32,1,0,0,0,0,0
53.98,190.95,15.6,1,0,0,0,0,0
52.83,187.09,3.1,1,0,0,0,0,0
51.06,178.67,-8.01,1,0,0,0,0,0
47.76,163.25,-14.14,0,0,0,0,0,0
44.59,145.83,-12.55,0,0,0,0,0,0
41.52,127.73,-5.32,0,0,0,0,0,0
40.45,112.22,1.92,0,0,0,0,0,0
42.63,104.46,4.51,0,0,0,0,0,0
47.48,95.96,4.58,0,0,0,0,0,0
52.29,81.6,-1.88,0,0,0,0,0,0
59.27,53.55,-7.16,0,0,0,0,0,0
65.01,23.82,-16.29,0,0,0,0,0,0
70.6,-11.52,-20.84,0,0,0,0,0,0
76.45,-42.04,-23.52,0,0,0,0,0,0
81.79,-69.84,-19.03,0,0,0,0,0,0
81.95,-95.94,-12.84,0,0,0,0,0,0
76.19,-121,1.74,0,0,0,0,0,0
67.25,-152.17,18.86,0,0,0,0,0,0
54.88,-183.2,38.88,0,0,0,0,0,0
43.16,-200.85,54.97,0,0,0,0,0,0
41.1,-176.4,58.29,1,0,0,0,0,0
48.41,-139.1,38.57,1,0,0,0,0,0
59.82,-120.05,0.59,1,0,0,0,0,0
69.58,-122.3,-37.99,1,0,0,0,0,0
76.34,-135.21,-59.44,1,0,0,0,0,0
72.72,-151.56,-54.93,0,0,0,0,0,0
63,-169.04,-30.17,0,0,0,0,0,0
49.5,-176.06,5.55,0,0,0,0,0,0
39.12,-177.57,40.19,0,0,0,0,0,0
36.65,-179.33,62.59,0,0,0,0,0,0
40.22,-171.22,70.66,0,0,0,0,0,0
46.53,-165.35,63.87,0,0,0,0,0,0
47.29,-161.52,52.71,1,0,0,0,0,0
43.02,-150.31,41.59,1,0,0,0,0,0
38.45,-139.57,33.19,0,0,0,0,0,0
35.16,-135.43,32.98,0,0,0,0,0,0
34.34,-131.88,36.27,0,0,0,0,0,0
34.58,-131.24,43.52,0,0,0,0,0,0
32.91,-138.04,44.66,1,0,0,0,0,0
26.96,-154.2,39.46,1,0,0,0,0,0
15.83,-167.57,24.57,1,0,0,0,0,0
6.38,-168.75,14.32,1,0,0,0,0,0
1.47,-152.72,11.29,1,0,0,0,0,0
1.84,-150.46,15.96,0,0,0,0,0,0
13.88,-142.59,25.86,0,0,0,0,0,0
31.1,-131.81,30.87,1,0,0,0,0,0
42.83,-131.8,24.74,1,0,0,0,0,0
46.03,-147.79,13.99,1,0,0,0,0,0
32.03,-160.09,9.81,1,0,0,0,0,0
16.83,-151.56,11.07,1,0,0,0,0,0
9.85,-119.79,12.68,1,0,0,0,0,0
14.52,-96.17,5.59,1,0,0,0,0,0
21.12,-86.47,-7.9,1,0,0,0,0,0
31.66,-72.05,-18.55,1,0,0,0,0,0
31.72,-65.04,-21.68,0,0,0,0,0,0
25.87,-61.79,-15.66,0,0,0,0,0,0
22.03,-70.39,-5.55,0,0,0,0,0,0
22.87,-84.2,5.93,0,0,0,0,0,0
24.96,-97.17,11.93,0,0,0,0,0,0
26.65,-89.35,16.72,0,0,0,0,0,0
25.96,-83.31,18.03,0,0,0,0,0,0
27.44,-81.09,12.95,0,0,0,0,0,0
28.86,-76.02,5.34,0,0,0,0,0,0
29.49,-69.41,3,0,0,0,0,0,0
26.9,-67.03,2.51,0,0,0,0,0,0
22.23,-68.69,4.07,0,0,0,0,0,0
20.61,-75.92,7.93,0,0,0,0,0,0
20.58,-88.22,5.08,0,0,0,0,0,0
20.61,-100.36,0.77,0,0,0,0,0,0
21.41,-112.3,-3.01,0,0,0,0,0,0
20.75,-118.91,-2.74,0,0,0,0,0,0
18.1,-117.47,4.47,0,0,0,0,0,0
15.29,-104.88,10.55,0,0,0,0,0,0
13.89,-99.69,11.39,0,0,0,0,0,0
18.87,-103.64,9.92,0,0,0,0,0,0
24.52,-110.85,6.98,0,0,0,0,0,0
26.92,-122.57,5.25,0,0,0,0,0,0
24.03,-130.79,5.13,0,0,0,0,0,0
15.49,-129.86,5.94,0,0,-1,0,0,0
9.12,-123.06,4.65,0,0,-1,0,0,0
2.21,-122.69,0.87,0,0,-1,0,0,0
-0.01,-127.33,-2.57,0,0,-1,0,0,0
-1.26,-132.5,-5.09,0,0,-1,0,0,0
-2.63,-140.43,-8.25,0,0,-1,0,0,0
-2.81,-145.75,-11.24,0,0,-1,0,0,0
-3.93,-143.04,-13.96,0,0,-1,0,0,0
-4.94,-140.56,-16.48,0,0,-1,0,0,0
-7.97,-136.01,-17.55,0,0,-1,0,0,0
-15.52,-129.56,-16.72,0,0,-1,0,0,0
-22.36,-114.53,-14.4,0,0,-1,0,0,0
-24.83,-99.12,-9.98,0,0,-1,0,0,0
-25.55,-87.13,-6.06,0,0,-1,0,0,0
-23.94,-85.1,-5.45,0,0,-1,0,0,0
-17.94,-92.3,-8.42,0,0,0,0,0,0
-12.3,-105.91,-12.83,0,0,-1,0,0,0
-12.34,-112.47,-12.56,0,0,-1,0,0,0
-17.08,-109.68,-12.9,0,0,-1,0,0,0
-23.94,-92.99,-5.05,0,0,-1,0,0,0
-28.68,-78.56,-1.81,0,0,-1,0,0,0
-29.71,-71.02,1.3,0,0,-1,0,0,0
-29.8,-63.31,4.32,0,0,-1,0,0,0
-26.64,-66.18,7.16,0,0,0,0,0,0
-21.46,-56.09,10.19,0,0,0,0,0,0
-18.33,-47.91,11.93,0,0,0,0,0,0
-15.12,-39.13,11.64,0,0,0,0,0,0
-13.19,-24.73,13.14,0,0,0,0,0,0
-10.83,-12.09,15.13,0,0,0,0,0,0
-10.25,-3.75,17.19,0,0,0,0,0,0
-8.25,0.95,18.6,0,0,0,0,0,0
-5.62,2.71,20.18,0,0,0,0,0,0
-8.84,7.32,24.52,0,0,-1,0,0,0
-12.88,14.3,28.91,0,0,-1,0,0,0
-12.27,21.77,31.95,0,0,-1,0,0,0
-15.26,28.37,32.3,0,0,-1,0,0,0
-17.75,37.93,30.14,0,0,-1,0,0,0
-19.7,44.49,29.66,0,0,0,0,0,0
-15.83,45.03,31.66,0,0,0,0,0,0
-7.11,44.57,32.57,0,0,0,0,0,0
3.34,36.19,31.45,0,0,0,0,0,0
13.36,27.44,31.65,0,0,0,0,0,0
18.57,22.69,32.77,0,0,0,0,0,0
18.38,27.31,32,0,0,-1,0,0,0
15.83,39.23,34.17,0,0,-1,0,0,0
14.48,48.44,33.07,0,0,0,0,0,0
14.63,44.68,30.11,0,0,0,0,0,0
14.45,36.39,27.22,0,0,-1,0,0,0
12.49,28.64,22.25,0,0,-1,0,0,0
10.21,27.43,17.11,0,0,-1,0,0,0
5.17,31.67,14.5,0,0,-1,0,0,0
0.39,46.09,15.72,0,0,-1,0,0,0
-1.64,56.35,17.32,0,0,0,0,0,0
-2.91,63.28,21.95,0,0,0,0,0,0
-0.72,66.91,29.16,0,0,0,0,0,0
6.66,69.86,39.27,0,0,0,0,0,0
13.12,66.67,53.26,0,0,0,0,0,0
28,61.09,53.54,0,0,0,0,0,0
32.92,50.82,55.05,0,0,-1,0,0,0
31.97,50.58,38.77,0,0,-1,0,0,0
16.29,57.21,33.32,0,0,-1,0,0,0
4.56,80.02,34.59,0,0,-1,0,0,0
-7.97,100.41,39.21,0,0,0,0,0,0
-8.93,99.86,28.97,0,0,0,0,0,0
-8.94,92.6,19.75,0,0,0,0,0,0
-5.95,82.22,20.68,0,0,0,0,0,0
2.22,72.09,26.45,0,0,0,0,0,0
7.08,61.83,35.96,0,0,0,0,0,0
8.37,61.75,47.01,0,0,0,0,0,0
4.99,75.26,51.81,0,0,0,0,0,0
0.01,95.24,58.06,0,0,0,0,0,0
-5.46,117.5,60.55,0,0,0,0,0,0
-8.95,132.25,60.25,0,0,0,0,0,0
-8.67,131.58,54.51,0,0,0,0,0,0
-7.56,119.7,42.1,0,0,0,0,0,0
-7.64,112.67,32.14,0,0,0,0,0,0
-10.54,114.96,29.96,0,0,0,0,0,0
-16.17,125.78,33.59,0,0,0,0,0,0
-21.3,133.28,36.24,0,0,0,0,0,0
-22.18,139.49,37.97,0,0,0,0,0,0
-19.08,148.97,40.03,0,0,0,0,0,0
-12.5,156.66,41.48,0,0,0,0,0,0
-6.96,156.8,44.84,0,0,0,0,0,0
-1.18,159.46,49.34,0,0,0,0,0,0
-3.25,160.38,39.03,1,0,0,0,0,0
-9.97,169.78,17.94,1,0,0,0,0,0
-14.66,186.85,-0.14,1,0,0,0,0,0
-22.29,201.16,-11.87,0,0,0,0,0,0
-33.01,200.18,-18.81,0,0,0,0,0,0
-39.09,202.1,-19.58,0,0,0,0,0,0
-41.21,198.47,-11.6,0,0,0,0,0,0
-37.18,187.35,1.59,0,0,0,0,0,0
-25.77,175.69,14.44,0,0,0,0,0,0
-17.36,160.53,20.52,1,0,0,0,0,0
-14.9,147.96,17.28,1,0,0,0,0,0
-13.62,140.96,10.94,1,0,0,0,0,0
-12.23,141.63,5.16,1,0,0,0,0,0
-9.1,149.35,2.46,1,0,0,0,0,0
-7.26,159.42,-2.65,1,0,0,0,0,0
-7.89,167.44,-3.68,1,0,0,0,0,0
-5.84,163.19,-4.45,1,0,0,0,0,0
-1.08,155.16,-6.23,1,0,0,0,0,0
2.03,142.25,-9.07,1,0,0,0,0,0
3.35,125.84,-10.84,1,0,0,0,0,0
4.35,114.09,-9.87,1,0,0,0,0,0
5.51,107.27,-7.21,1,0,0,0,0,0
5.45,104.71,-4.98,1,0,0,0,0,0
4.47,110.09,-4.47,1,0,0,0,0,0
0.82,118.28,-5.48,1,0,0,0,0,0
-5.45,124.86,-6.44,1,0,0,0,0,0
-8.44,123.12,-5.08,1,0,0,0,0,0
-6.85,120.64,-1.7,1,0,0,0,0,0
-3.86,116.63,1.52,1,0,0,0,0,0
-2.51,118.7,3.61,1,0,0,0,0,0
-2.97,121.46,1.96,1,0,0,0,0,0
-6.13,123.61,-1.64,1,0,0,0,0,0
-9.9,124.89,-3.13,1,0,0,0,0,0
-12.55,119.89,-2.91,1,0,0,0,0,0
-10.43,100.67,0.48,1,0,0,0,0,0
-3.45,82.49,5.63,1,0,0,0,0,0
2.54,72.64,7.85,1,0,0,0,0,0
2.09,65.1,6.51,1,0,0,0,0,0
-3.85,56.61,-1.13,1,0,0,0,0,0
-10.77,45.03,-6.75,1,0,0,0,0,0
-14.63,36.69,-9.54,1,0,0,0,0,0
-16.9,31.54,-10.1,1,0,0,0,0,0
-19.82,25.34,-9.1,0,0,0,0,0,0
-20.96,33.63,-8.95,0,0,0,0,0,0
-20.29,42.26,-6.08,0,0,0,0,0,0
-20.49,42.83,-4.79,0,0,0,0,0,0
-19.51,46.13,-2.03,0,0,0,0,0,0
-17.39,52.78,0.33,0,0,0,0,0,0
-14.3,60.9,1.25,0,0,0,0,0,0
-10.12,64.66,0,0,0,0,0,0,0
-2.98,61.24,-3.74,1,0,0,0,0,0
6.94,59.65,-8.27,1,0,0,0,0,0
13.93,59.26,-12.42,1,0,0,0,0,0
15.62,65.29,-15.34,0,0,0,0,0,0
12.65,78.22,-16.59,0,0,0,0,0,0
5.25,90.23,-16.76,0,0,0,0,0,0
-3.39,93.57,-15.71,0,0,0,0,0,0
-6.12,90.77,-13.05,0,0,0,0,0,0
-6.04,84.99,-8.01,0,0,0,0,0,0
1.15,79.95,-1.67,0,0,0,0,0,0
5.67,74.25,4.24,0,0,0,0,0,0
6.49,72.65,8.29,0,0,0,0,0,0
4.65,77.93,11.3,0,0,0,0,0,0
3.69,88.12,13.68,0,0,0,0,0,0
4.18,94.93,16.01,0,0,0,0,0,0
5.28,98.91,19.42,0,0,0,0,0,0
7.58,97.25,23.51,0,0,0,0,0,0
10.71,95.53,25.26,0,0,0,0,0,0
12.33,93.95,23.76,0,0,0,0,0,0
11.26,92.65,19.48,0,0,0,0,0,0
8.12,94.86,15.4,0,0,0,0,0,0
4.24,97.06,13.84,0,0,0,0,0,0
-1.22,98.53,13.73,0,0,0,0,0,0
-7.84,94.51,12.81,0,0,0,0,0,0
-10.91,84.7,12.65,0,0,0,0,0,0
-10.04,75.35,14.21,0,0,0,0,0,0
-8.52,64.35,16.57,0,0,0,0,0,0
-4.36,51.19,18.18,0,0,0,0,0,0
3.05,39.09,17.23,0,0,0,0,0,0
9.59,29.72,13.33,0,0,0,0,0,0
10.29,21.58,8.13,0,0,0,0,0,0
4.57,15.33,3.62,0,0,0,0,0,0
-3,11.74,1.9,0,0,0,0,0,0
-8.46,1.26,0.19,0,0,0,0,0,0
-8.97,-12.51,-3.82,0,0,0,0,0,0
-8.67,-24.5,-11.16,0,0,0,0,0,0
-13.42,-26.91,-18.43,0,0,0,0,0,0
-20.76,-16.69,-21.48,0,0,0,0,0,0
-25.71,-3.68,-23.34,0,0,0,0,0,0
-26.88,1.99,-25.76,0,0,0,0,0,0
-24.34,2.91,-28.64,0,0,0,0,0,0
-21.27,-1.85,-30.26,0,0,0,0,0,0
-19.84,-5.29,-30.21,0,0,0,0,0,0
-19.2,-10.62,-29.17,0,0,0,0,0,0
-19.69,-11.87,-29.44,0,0,0,0,0,0
-20.19,-11.96,-30.87,0,0,0,0,0,0
-19.29,-11.53,-32.97,0,0,0,0,0,0
-17.34,-9.47,-34.04,0,0,0,0,0,0
-16.28,-4.44,-32.24,0,0,0,0,0,0
-15.71,1.44,-30.29,0,0,0,0,0,0
-14.15,5.78,-26.4,0,0,0,0,0,0
-10.23,6.89,-21.37,0,0,0,0,0,0
-5.32,13.41,-20.68,0,0,0,0,0,0
-2.19,15.54,-18.71,0,0,0,0,0,0
-0.93,10.38,-14.45,0,0,0,0,0,0
-0.01,2.15,-11.75,0,0,0,0,0,0
0.54,-2.98,-11.36,0,0,0,0,0,0
-0.94,-4.94,-14.25,0,0,0,0,0,0
-4.52,-4.07,-18.7,0,0,0,0,0,0
-7.09,2.11,-21.39,0,0,0,0,0,0
-7.92,11.01,-20.41,0,0,0,0,0,0
-9.29,15.91,-17.49,0,0,0,0,0,0
-9.36,18.7,-12.81,0,0,0,0,0,0
-7.86,17.98,-6.81,0,0,0,0,0,0
-6.91,12.05,-0.26,0,0,0,0,0,0
-5.66,7.41,4.08,0,0,0,0,0,0
-4.27,8.63,4.95,0,0,0,0,0,0
-0.34,13.44,4,0,0,0,0,0,0
-1.91,17.84,1.5,0,0,0,0,0,0
-4,19.43,-0.19,0,0,0,0,0,0
-4.64,20.7,0.45,0,0,0,0,0,0
-4.11,18.28,3.26,0,0,0,0,0,0
-2.91,8.97,6.87,0,0,0,0,0,0
-1.42,-0.79,9.85,0,0,0,0,0,0
-0.31,-1.88,10.16,0,0,0,0,0,0
-0.12,2.58,7.9,0,0,0,0,0,0
-0.92,6.89,3.68,0,0,0,0,0,0
-4.2,12.06,-0.64,0,0,0,0,0,0
-7.81,12.49,-3.49,0,0,0,0,0,0
-9.98,12.32,-3.58,0,0,0,0,0,0
-10.75,13.97,-0.8,0,0,0,0,0,0
-10.83,16.74,4.22,0,0,0,0,0,0
-11.74,22.19,11.47,0,0,0,0,0,0
-12.58,21.26,19.45,0,0,0,0,0,0
-12.64,15.28,25.82,0,0,0,0,0,0
-12.19,5.49,30.93,0,0,0,0,0,0
-9.99,-2.94,33.7,0,0,0,0,0,0
-9.1,0.15,31.23,0,0,0,0,0,0
-9.77,7.48,26.46,0,0,0,0,0,0
-10.36,9.69,18.97,0,0,0,0,0,0
-11.28,8.63,11.69,0,0,0,0,0,0
-11.64,10.38,7.28,0,0,0,0,0,0
-11.27,9.41,6.79,0,0,0,0,0,0
-11.46,7.42,9.8,0,0,0,0,0,0
-12.46,3.1,12.43,0,0,0,0,0,0
-13.23,-3.49,16.52,0,0,0,0,0,0
-13.84,-9.88,20.81,0,0,0,0,0,0
-15.73,-11.59,22.12,0,0,0,0,0,0
-18.62,-12.68,21.79,0,0,0,0,0,0
-20.61,-13.94,20.06,0,0,0,0,0,0
-21.02,-13.25,17.97,0,0,0,0,0,0
-18.9,-7.57,16.84,0,0,0,0,0,0
-17.57,-6.28,16.97,0,0,0,0,0,0
-17.56,-8.59,17.71,0,0,0,0,0,0
-17.29,-13.42,18.85,0,0,0,0,0,0
-16.87,-18.62,20.46,0,0,0,0,0,0
-17.08,-20.04,21.85,0,0,0,0,0,0
-16.55,-22.19,21.44,0,0,0,0,0,0
-14.91,-22.19,18.97,0,0,0,0,0,0
-13.59,-21.41,15.63,0,0,0,0,0,0
-13.88,-21.32,13.66,0,0,0,0,0,0
-13.4,-22.12,12.29,0,0,0,0,0,0
-12.15,-24.56,11,0,0,0,0,0,0
-5.29,-24,11.41,0,0,0,0,0,0
-0.75,-16.94,11.96,0,0,0,0,0,0
1.91,-8.04,12.8,0,0,0,0,0,0
3.9,1.51,13.51,0,0,0,0,0,0
5.91,2.41,14.97,0,0,0,0,0,0
7.29,-0.36,17.01,0,0,0,0,0,0
8.19,-3.96,18.86,0,0,0,0,0,0
9.02,-5.39,19.05,0,0,0,0,0,0
7.91,-7.31,17.46,0,0,0,0,0,0
4.67,-6.23,15.47,0,0,0,0,0,0
0.25,-0.4,13.9,0,0,0,0,0,0
-2.93,5.33,12.76,0,0,0,0,0,0
-4.44,5.04,11.86,0,0,0,0,0,0
-4.17,-0.77,11.33,0,0,0,0,0,0
-2.38,-7.36,11,0,0,0,0,0,0
0.31,-20.01,10.48,0,0,0,0,0,0
3.24,-32.26,10.19,0,0,0,0,0,0
5.75,-54.8,3.6,0,0,0,0,0,0
9.84,-74.83,-2.31,0,0,0,0,0,0
17.64,-84.01,-6.14,0,0,0,0,0,0
25.99,-85.4,-7.32,0,0,0,0,0,0
31.19,-87.78,-13.83,0,0,0,0,0,0
34.71,-96.3,-20.42,0,0,0,0,0,0
38.79,-99.36,-23.98,0,0,0,0,0,0
43.5,-101.7,-22.35,0,0,0,0,0,0
49.39,-104.88,-21.13,0,0,0,0,0,0
54.68,-125.14,-23.57,0,0,0,0,0,0
61.57,-152.52,-31.42,0,0,0,0,0,0
71.16,-161.98,-37.06,0,0,0,0,0,0
76.26,-160.86,-38.38,0,0,0,0,0,0
70.75,-152.51,-39.66,0,0,0,0,0,0
55.3,-147.52,-42.39,0,0,0,0,0,0
41.67,-138.33,-45.39,0,0,0,0,0,0
36.26,-134.12,-48.48,0,0,0,0,0,0
34.25,-134.87,-47.75,0,0,0,0,0,0
33.78,-128,-39.52,0,0,0,0,0,0
32.12,-124.62,-26.14,0,0,0,0,0,0
30.76,-121.4,-14.17,0,0,0,0,0,0
30.6,-111.52,-4.01,0,0,0,0,0,0
30.9,-110.33,-0.68,0,0,0,0,0,0
31.87,-112.23,-4.21,0,0,0,0,0,0
32.43,-114.46,-6,0,0,0,0,0,0
32.8,-118.65,-4.88,0,0,0,0,0,0
35.79,-125.93,-0.32,0,0,0,0,0,0
33.63,-126.27,5.72,0,0,0,0,0,0
32.64,-124.2,11.31,0,0,0,0,0,0
29.69,-109.73,11.7,1,0,0,0,0,0
32.02,-106.94,5.93,1,0,0,0,0,0
36.58,-111.39,-5.96,1,0,0,0,0,0
41.41,-111.49,-13.18,1,0,0,0,0,0
45.61,-109.05,-16.88,0,0,0,0,0,0
48.57,-107.33,-9.76,0,0,0,0,0,0
50.51,-110.04,-4.77,0,0,0,0,0,0
50.68,-118.02,0.91,0,0,0,0,0,0
52.53,-116.21,6.19,1,0,0,0,0,0
55.67,-110.3,6.38,1,0,0,0,0,0
57.37,-106.57,6.48,1,0,0,0,0,0
59.54,-101.81,1.06,1,0,0,0,0,0
63.84,-102.49,-2.85,1,0,0,0,0,0
71.3,-107.49,-6.37,1,0,0,0,0,0
77.54,-107.19,-8.14,1,0,0,0,0,0
77.39,-109.29,-9.86,1,0,0,0,0,0
71.69,-106.22,-11.48,1,0,0,0,0,0
65.64,-101.8,-14.41,1,0,0,0,0,0
63.25,-100.54,-17.14,1,0,0,0,0,0
63.83,-96.56,-18.6,1,0,0,0,0,0
65.36,-88.72,-17.65,0,0,0,0,0,0
64.77,-81.39,-13.07,0,0,0,0,0,0
61.26,-66.98,-13.84,1,0,0,0,0,0
58.97,-60.69,-15.13,1,0,0,0,0,0
57.96,-61.65,-19.19,1,0,0,0,0,0
59.94,-71.15,-23.73,1,0,0,0,0,0
63.71,-76.28,-22.32,0,0,0,0,0,0
63.65,-77.69,-16.83,0,0,0,0,0,0
61.6,-71.93,-7.61,0,0,0,0,0,0
53.38,-62.41,2.52,0,0,0,0,0,0
48.12,-52.21,10.03,0,0,0,0,0,0
39.41,-41.01,12,1,0,0,0,0,0
34.27,-30,8.67,1,0,0,0,0,0
25.1,-19.84,2.71,1,0,0,0,0,0
22.7,-21.29,-7.56,1,0,0,0,0,0
23.84,-23.81,-16.1,1,0,0,0,0,0
24.67,-20.71,-19.68,1,0,0,0,0,0
24.24,-16.92,-18.13,0,0,0,0,0,0
23.86,-8.61,-13.36,0,0,0,0,0,0
17.3,5.29,-7.86,0,0,0,0,0,0
6.9,24.4,-3.39,0,0,0,0,0,0
-6.89,41.81,1.04,0,0,0,0,0,0
-17.04,46.92,2.63,0,0,0,0,0,0
-18.66,45.31,3.3,0,0,0,0,0,0
-18.17,44.41,6.99,0,0,0,0,0,0
-18.7,49.32,13.09,0,0,0,0,0,0
-22.96,61.99,25.42,0,0,0,0,0,0
-32.37,77.04,30.42,0,0,0,0,0,0
-42.52,87.16,33.94,1,0,0,0,0,0
-51.24,93.23,30.13,1,0,0,0,0,0
-56.88,113.95,24.72,1,0,0,0,0,0
-61.53,130.35,18.87,1,0,0,0,0,0
-64.23,155.57,14.97,1,0,0,0,0,0
-65.46,174.19,11.48,1,0,0,0,0,0
-64,182.93,8.19,1,0,0,0,0,0
-58.43,192.07,3.82,1,0,0,0,0,0
-51.77,181.48,-1.28,1,0,0,0,0,0
-44.12,168.28,-7.19,1,0,0,0,0,0
-33.72,164.85,-9.82,1,0,0,0,0,0
-23.96,159.16,-8.9,0,0,0,0,0,0
-16.64,154.44,-1.58,1,0,0,0,0,0
-13.84,158.44,3.68,1,0,0,0,0,0
-16.4,172.05,7.21,1,0,0,0,0,0
-22.54,193.61,8.59,1,0,0,0,0,0
-27.99,214.86,6.32,1,0,0,0,0,0
-30.99,223.93,1.19,1,0,0,0,0,0
-30.97,222.37,-4.84,1,0,0,0,0,0
-31.57,217.25,-9.8,1,0,0,0,0,0
-32.98,199.89,-8.65,0,0,0,0,0,0
-28.75,177.74,-1.32,0,0,0,0,0,0
-20.21,154.27,7.08,0,0,0,0,0,0
-11.15,129.97,11.3,1,0,0,0,0,0
-5.58,98.22,7.45,1,0,0,0,0,0
-4.06,66.44,-0.36,1,0,0,0,0,0
-4.25,34.41,-7.65,1,0,0,0,0,0
-7,-2.34,-11.25,1,0,0,0,0,0
-9.34,-50.07,-13.92,1,0,0,0,0,0
-9.64,-99.39,-18.64,1,0,0,0,0,0
-9.46,-138.19,-23.24,1,0,0,0,0,0
-10.55,-171.32,-22.81,0,0,0,0,0,0
-14.16,-188.9,-15.29,0,0,0,0,0,0
-18.17,-189.71,-2.16,0,0,0,0,0,0
-29.22,-183.49,13.99,0,0,0,0,0,0
-36.28,-188.59,27.04,0,0,0,0,0,0
-43.56,-201.89,34.46,1,0,0,0,0,0
-51.89,-228.48,34.11,1,0,0,0,0,0
-62.71,-248.09,30.34,1,0,0,0,0,0
-64.29,-230.78,27.49,1,0,0,0,0,0
-59.04,-187.22,23.55,1,0,0,0,0,0
-48.42,-166.43,18.84,1,0,0,0,0,0
-41.47,-151.82,16.56,1,0,0,0,0,0
-28.85,-134.65,17.34,1,0,0,0,0,0
-15.52,-120.43,14.12,1,0,0,0,0,0
-6.42,-113.9,-0.49,1,0,0,0,0,0
-0.36,-107.14,-18.07,1,0,0,0,0,0
-2.08,-94.87,-38.52,1,0,0,0,0,0
-1.47,-63.84,-63.78,1,0,0,0,0,0
-1.66,-67.06,-84.1,1,0,0,0,0,0
2.45,-75.82,-87.81,0,0,0,0,0,0
7.7,-84.75,-74.16,0,0,0,0,0,0
8.74,-93.25,-50.58,0,0,0,0,0,0
7.08,-113.85,-29.85,0,0,0,0,0,0
6.71,-151.81,-17.74,0,0,0,0,0,0
7.71,-168.91,-14.26,0,0,0,0,0,0
8.3,-166.33,-10.11,0,0,0,0,0,0
7.12,-152.32,-3.61,0,0,0,0,0,0
14.28,-144.04,0.01,0,0,0,0,0,0
29.45,-149.71,-0.48,0,0,0,0,0,0
41.77,-162.36,-3.81,0,0,0,0,0,0
43.8,-162.58,-8.17,0,0,0,0,0,0
35.29,-150.48,-14.38,0,0,0,0,0,0
19.64,-129.18,-23.46,0,0,0,0,0,0
4.22,-91.91,-33.68,0,0,0,0,0,0
-4.8,-48.03,-40.32,0,0,0,0,0,0
-5.17,-7.72,-39,0,0,0,0,0,0
0.98,23.61,-30.17,0,0,0,0,0,0
4.98,43.54,-19.63,0,0,0,0,0,0
0.76,68.41,-8.94,0,0,0,0,0,0
-11.09,104.48,2.18,0,0,0,0,0,0
-32.29,154.88,15.74,0,0,0,0,0,0
-52.63,206.82,28.55,0,0,0,0,0,0
-62.18,245.66,35.06,0,0,0,0,0,0
-58.76,250.93,33.93,0,0,0,0,0,0
-44.51,250.93,28.41,0,0,0,0,0,0
-26.68,250.93,22.19,0,0,0,0,0,0
-8.13,250.93,16.05,0,0,0,0,0,0
6.28,250.93,7.81,1,0,0,0,0,0
16.14,250.93,-2.01,1,0,0,0,0,0
18.97,250.93,-13.3,1,0,0,0,0,0
16.78,250.93,-19.1,1,0,0,0,0,0
17.26,250.93,-16.68,1,0,0,0,0,0
21.9,250.93,-11.68,1,0,0,0,0,0
28.06,250.93,-9.28,1,0,0,0,0,0
30.35,250.93,-11.59,1,0,0,0,0,0
30.38,250.93,-12.59,1,0,0,0,0,0
29.45,234.29,-8.85,1,0,0,0,0,0
34.84,196.32,-5.29,1,0,0,0,0,0
42.17,177.21,-3.84,1,0,0,0,0,0
39.59,152.22,-7.12,1,0,0,0,0,0
31.23,114.93,-12.49,1,0,0,0,0,0
25.43,58.43,-18.45,1,0,0,0,0,0
23.27,2.38,-19.26,1,0,0,0,0,0
19.11,-51.84,-13.26,1,0,0,0,0,0
13.83,-88.46,-1.64,1,0,0,0,0,0
11.89,-106.83,11.36,1,0,0,0,0,0
9.13,-126.69,24.67,1,0,0,0,0,0
1.55,-156.52,38.9,1,0,0,0,0,0
-4.77,-187.98,49.99,1,0,0,0,0,0
-8.04,-218.57,60.27,1,0,0,0,0,0
-13,-244.55,66.46,1,0,0,0,0,0
-21.19,-249.34,68.84,1,0,0,0,0,0
-33.43,-249.34,69.5,1,0,0,0,0,0
-45.94,-249.34,70.42,1,0,0,0,0,0
-51.88,-249.34,71.8,1,0,0,0,0,0
-48.89,-249.34,74.28,1,0,0,0,0,0
-40.54,-249.34,81.56,1,0,0,0,0,0
-28.74,-249.34,90.06,1,0,0,0,0,0
-15.74,-249.34,95.1,1,0,0,0,0,0
-7.98,-249.34,93.28,1,0,0,0,0,0
-11.3,-249.34,85.77,1,0,0,0,0,0
-21.75,-249.34,78.14,1,0,0,0,0,0
-32.05,-249.34,58.77,1,0,0,0,0,0
-41.68,-245.17,32.76,1,0,0,0,0,0
-41.79,-230.99,9.11,1,0,0,0,0,0
-34.59,-240.13,-6.84,0,0,0,0,0,0
-32.53,-249.34,-12.4,0,0,0,0,0,0
-38.36,-249.34,-8.02,0,0,0,0,0,0
-44.05,-239.3,2.74,0,0,0,0,0,0
-43.29,-193.23,10.91,0,0,0,0,0,0
-39.51,-149.88,8.83,0,0,0,0,0,0
-30.33,-120.66,-7.32,0,0,0,0,0,0
-24.95,-104.14,-26.51,0,0,0,0,0,0
-22.43,-91.59,-38.16,0,0,0,0,0,0
-24.39,-79.83,-37.98,0,0,0,0,0,0
-36.95,-56.56,-32.41,0,0,0,0,0,0
-50.81,-21.69,-27.17,0,0,0,0,0,0
-69.42,19.09,-25.45,0,0,0,0,0,0
-85.68,58.42,-32.9,0,0,0,0,0,0
-89.58,108.73,-41.45,0,0,0,0,0,0
-82.8,166.94,-45.65,0,0,0,0,0,0
-75.24,210.37,-48.97,0,0,0,0,0,0
-74.33,250.93,-53.8,0,0,0,0,0,0
-82.47,250.93,-60.92,0,0,0,0,0,0
-93.42,250.93,-69,0,0,0,0,0,0
-102.96,250.93,-76.33,0,0,0,0,0,0
-115.56,250.93,-78.94,0,0,0,0,0,0
-118.74,250.93,-76.11,0,0,0,0,0,0
-115.18,250.93,-71.03,0,0,0,0,0,0
-98.39,250.93,-63.27,0,0,0,0,0,0
-82.43,250.93,-48.5,0,0,0,0,0,0
-64.21,250.93,-29.77,0,0,0,0,0,0
-48.1,250.93,-6.98,0,0,0,0,0,0
-42,250.93,19.23,0,0,0,0,0,0
-45.08,250.93,42.82,0,0,0,0,0,0
-47,250.93,61.36,0,0,0,0,0,0
-38.57,250.93,74.45,1,0,0,0,0,0
-29.54,250.93,66.66,1,0,0,0,0,0
-14.78,250.93,46.71,1,0,0,0,0,0
9.77,241.86,29.03,1,0,1,0,0,0
34.96,208.28,6.07,1,0,0,0,0,0
44.83,179,-35.14,1,0,0,0,0,0
41.7,157.52,-70.72,1,0,0,0,0,0
32.23,149.97,-90.42,1,0,0,0,0,0
22.88,142,-95.55,1,0,0,0,0,0
20.12,117.38,-88.06,0,0,0,0,0,0
29.34,85.78,-76.71,0,0,0,0,0,0
47.93,60.81,-60.29,0,0,1,0,0,0
67.97,44.67,-48.98,0,0,0,0,0,0
80.15,30.43,-46.14,0,0,0,0,0,0
84.25,2.85,-48.96,0,0,0,0,0,0
87.75,-40.66,-38.94,0,0,0,0,0,0
84.69,-63.46,-33.1,0,0,0,0,0,0
82.61,-68.5,-26.84,0,0,0,0,0,0
82.93,-66.52,-26.51,1,0,0,0,0,0
73.49,-78.3,-32.97,1,0,0,0,0,0
62.83,-73.39,-47.07,1,0,0,0,0,0
51.41,-67.35,-62.77,1,0,0,0,0,0
40.97,-86.49,-73.87,0,0,0,0,0,0
29.51,-117.28,-79.15,0,0,0,0,0,0
22.54,-125.12,-66.37,0,0,0,0,0,0
20.28,-117.04,-47.9,0,0,0,0,0,0
21.72,-119.39,-32.74,0,0,0,0,0,0
32.46,-133.96,-28.36,0,0,0,0,0,0
50.33,-161.83,-28.52,0,0,0,0,0,0
67.42,-208.79,-22.77,0,0,0,0,0,0
74.66,-234.1,-19.71,0,0,0,0,0,0
67.63,-245.54,-7.52,0,0,0,0,0,0
52.7,-249.34,20.21,0,0,0,0,0,0
44.56,-249.34,59,0,0,0,0,0,0
48.33,-249.34,100.46,0,0,0,0,0,0
60.8,-249.34,138.74,0,0,0,0,0,0
77.74,-249.34,168.78,0,0,0,0,0,0
91.39,-249.34,190.06,0,0,0,0,0,0
100.03,-249.34,201.36,0,0,0,0,0,0
102.12,-249.34,201.16,0,0,0,0,0,0
102.12,-249.34,197.18,0,0,0,0,0,0
103.44,-249.34,197.64,0,0,0,0,0,0
106.23,-249.34,205.58,0,0,0,0,0,0
105.22,-249.34,214.16,0,0,0,0,0,0
99.39,-228.55,211.46,1,0,0,0,0,0
92.67,-200.11,196.32,1,0,0,0,0,0
88.32,-170.45,176.19,1,0,0,0,0,0
85.74,-148.39,158.9,1,0,0,0,0,0
88.55,-141.65,147.79,1,0,0,0,0,0
97.35,-133.81,142.64,0,0,0,0,0,0
106.98,-122.94,135.09,0,0,0,0,0,0
107.15,-113.35,122.94,0,0,0,0,0,0
96.04,-101.2,114.86,0,0,-1,0,0,0
80.58,-85.56,114.49,0,0,-1,0,0,0
66.51,-59.91,116.67,0,0,0,0,0,0
57.22,-37.46,110.74,0,0,0,0,0,0
54.26,-38.59,98.74,0,0,0,0,0,0
65.17,-45.94,91.52,0,0,0,0,0,0
80.12,-46.49,85.39,0,0,0,0,0,0
86.34,-44.01,74.56,1,0,0,0,0,0
79.54,-34.38,56.25,1,0,0,0,0,0
64.29,-17.21,36.11,1,0,0,0,0,0
46.68,-5.36,15.09,1,0,0,0,0,0
33.4,10.73,-4.23,1,0,0,0,0,0
24.49,31.44,-23.09,1,0,0,0,0,0
15.57,47.54,-41.9,0,0,0,0,0,0
5.12,72.66,-59.26,0,0,0,0,0,0
-6.14,110.08,-77.03,0,0,0,0,0,0
-16.68,153.17,-99.81,1,0,0,0,0,0
-25.95,188.86,-127.43,0,0,0,0,0,0
-33.83,214.78,-152.03,0,0,0,0,0,0
-40.03,237.96,-165.8,0,0,0,0,0,0
-44.57,243.15,-170.03,0,0,0,0,0,0
-42.72,236.47,-166.84,0,0,0,0,0,0
-38.46,233.07,-163.46,0,0,0,0,0,0
-35.48,231.17,-164.02,0,0,0,0,0,0
-31.55,234.59,-169.83,1,0,0,0,0,0
-26.13,241.5,-181.82,1,0,0,0,0,0
-21.42,244.97,-199.31,1,0,0,0,0,0
-19.6,242.61,-217.34,1,0,0,0,0,0
-19.71,228.57,-228.94,0,0,0,0,0,0
-18.67,213.89,-228.29,0,0,0,0,0,0
-14.76,197.41,-219.03,0,0,0,0,0,0
-9.76,182.48,-206.93,0,0,0,0,0,0
-5,168.17,-193.6,0,0,0,0,0,0
-0.06,150.4,-178.6,0,0,0,0,0,0
5.99,128.61,-163.84,0,0,0,0,0,0
12.58,108.15,-155.25,0,0,0,0,0,0
14.35,91.48,-154.87,1,0,0,0,0,0
10.43,76.16,-161.39,1,0,0,0,0,0
4.51,63.09,-167.71,1,0,0,0,0,0
-2.12,51.25,-168.55,0,0,0,0,0,0
-6.06,40.69,-160.07,0,0,0,0,0,0
-7.2,37.22,-143.64,0,0,0,0,0,0
-9.33,36.25,-126.94,0,0,0,0,0,0
-15.43,31.64,-113.73,0,0,0,0,0,0
-21.51,28.42,-102.88,0,0,0,0,0,0
-25.68,22.56,-91.5,0,0,0,0,0,0
-25.05,11.5,-76.17,0,0,0,0,0,0
-19.04,1.32,-59,0,0,0,0,0,0
-13.81,-8.29,-47.13,0,0,0,0,0,0
-10.97,-19.78,-44.04,1,0,0,0,0,0
-12.42,-32.56,-46.74,1,0,0,0,0,0
-17.95,-52.53,-43.13,0,0,0,0,0,0
-20.34,-76.43,-26.81,0,0,0,0,0,0
-25.18,-108.07,1.45,0,0,0,0,0,0
-24.54,-149.1,43.45,0,0,0,0,0,0
-15.15,-189.91,93.59,0,0,0,0,0,0
-0.55,-221.61,144.59,0,0,0,0,0,0
14,-242.19,190.88,0,0,0,0,0,0
26.2,-239.47,229.12,0,0,0,0,0,0
35.69,-223.27,250.13,0,0,0,0,0,0
42.8,-205.37,251.64,1,0,0,0,0,0
47.75,-187.11,244.74,1,0,0,0,0,0
47.39,-184.56,239.67,1,0,0,0,0,0
43.58,-170.67,228.97,1,0,0,0,0,0
42.09,-164.27,208.12,1,0,0,0,0,0
45.17,-159.89,195.38,1,0,0,0,0,0
50.94,-152.43,186.45,1,0,0,0,0,0
53.63,-138.81,184.54,0,0,0,0,0,0
51.6,-117.93,183.63,0,0,0,0,0,0
46.63,-94.08,179.12,0,0,0,0,0,0
44.4,-74.9,169.48,1,0,0,0,0,0
49.54,-57.45,152.39,1,0,0,0,0,0
54.32,-41.85,126.63,1,0,0,0,0,0
54.69,-28.67,95.44,1,0,0,0,0,0
50.45,-20.07,64.22,1,0,0,0,0,0
45.29,-13.3,40.52,1,0,0,0,0,0
38.93,-5.98,25.74,1,0,0,0,0,0
32.25,6.38,17.25,0,0,0,0,0,0
26.63,21.18,10.68,0,0,0,0,0,0
20.87,33.49,2.03,0,0,0,0,0,0
17.87,37.48,-6.03,0,0,0,0,0,0
20.77,38.81,-12.19,0,0,0,0,0,0
26.12,37.34,-16.06,0,0,0,0,0,0
28.59,35.28,-19.23,0,0,0,0,0,0
28.64,48.14,-22.3,0,0,0,0,0,0
23.73,63.56,-28.5,0,0,0,0,0,0
15.9,79.35,-37.96,0,0,0,0,0,0
11,92.58,-49.61,1,0,0,0,0,0
3.8,93.54,-56.74,0,0,0,0,0,0
0.93,102.31,-61.64,1,0,0,0,0,0
1.86,106.17,-66.12,1,0,0,0,0,0
12.95,88.77,-71.57,1,0,0,0,0,0
19.15,76.7,-73.1,1,0,0,0,0,0
20.28,62.29,-69.01,1,0,0,0,0,0
6.51,55.9,-57.29,0,0,0,0,0,0
-10.28,52.72,-41.83,0,0,0,0,0,0
-21.62,46.15,-22.97,0,0,0,0,0,0
-24.89,38.12,-5.16,0,0,0,0,0,0
-21.96,29.31,9.74,0,0,0,0,0,0
-17.21,22.91,18.66,0,0,0,0,0,0
-12.19,23.65,24.55,1,0,0,0,0,0
-8.65,23.18,22.45,1,0,0,0,0,0
-5.65,22.02,16.35,1,0,0,0,0,0
-3.77,22.83,12.1,1,0,0,0,0,0
-3.05,24.19,8.22,1,0,0,0,0,0
-2.26,20.73,9.77,1,0,0,0,0,0
-3.6,20.16,12.13,1,0,0,0,0,0
-6.04,16.75,13.97,1,0,0,0,0,0
-8.38,17.27,14.31,1,0,0,0,0,0
-10.6,17.33,14.37,1,0,0,0,0,0
-10.91,19.35,15.2,1,0,0,0,0,0
-9.26,22.72,16.81,1,0,0,0,0,0
-7.42,25.08,18.56,1,0,0,0,0,0
-5.5,27.12,19.87,1,0,0,0,0,0
-3.61,26.31,20.33,1,0,0,0,0,0
-2.07,22.67,18.93,1,0,0,0,0,0
1.52,19.71,17.4,1,0,0,0,0,0
5.17,17.93,15.61,1,0,0,0,0,0
8.75,19.61,11.59,1,0,0,0,0,0
10.92,26.01,1.42,1,0,0,0,0,0
16.27,22.99,-37.17,1,0,0,0,0,0
15.45,13.37,-29.84,0,0,0,0,0,0
16.59,20.86,-23.29,1,0,0,0,0,0
14.74,23.59,-26.44,1,0,0,0,0,0
13.35,24.89,-27.56,1,0,0,0,0,0
13.25,21.85,-33.53,1,0,0,0,0,0
13.5,26.17,-39.07,1,0,0,0,0,0
12.64,34.79,-40.34,1,0,0,0,0,0
11.1,42.5,-38.93,1,0,0,0,0,0
5.03,51.14,-34.94,1,0,0,0,0,0
2.53,48.42,-29.9,1,0,0,0,0,0
2.16,30.9,-12.68,0,0,0,0,0,0
0.94,19.6,-5.13,1,0,0,0,0,0
-0.23,22.22,-5.29,1,0,0,0,0,0
-2.66,24.57,-9.38,1,0,0,0,0,0
-2,20.68,-7.16,0,0,0,0,0,0
-0.12,14.98,-6.09,1,0,0,0,0,0
1.67,14.7,-6.39,1,0,0,0,0,0
2.29,16.58,-8.03,1,0,0,0,0,0
1.98,18.67,-9.14,1,0,0,0,0,0
-1.61,-1.28,-1.13,0,0,0,0,0,0
-3.72,-9.98,-3.45,1,0,0,0,0,0
-11.88,-139.1,-19.08,0,0,0,0,0,0
-18.17,-171.85,31.68,0,0,0,0,0,0
-23.08,-63.9,23.69,0,0,0,0,0,0
-18.07,159.56,-7.84,1,0,0,0,0,0
-0.88,12.22,-4.59,1,0,0,0,0,0
-1.23,-28.88,3.13,0,0,0,0,0,0
-0.23,11.19,-1.08,1,0,0,0,0,0
-0.11,-7.27,-0.68,1,0,0,0,0,0
-0.2,0.05,-0.07,1,0,0,0,0,0
-0.13,-0.04,0.02,1,0,0,0,0,0
-0.22,-0.77,0.03,1,0,0,0,0,0
-0.2,0.72,0.15,1,0,0,0,0,0
-0.21,0.55,-0.06,1,0,0,0,0,0
-0.37,-0.5,-0.08,1,0,0,0,0,0
-0.54,-0.01,-0.08,1,0,0,0,0,0
-0.24,-0.11,0.03,1,0,0,0,0,0
-2.68,-1.46,-0.05,1,0,0,0,0,0
-7.17,-0.75,-0.27,1,0,0,0,0,0
-9.55,0,-0.38,1,0,0,0,0,0
-9.55,0.82,-0.24,1,0,0,0,0,0
-8.97,-0.43,-0.16,1,0,0,0,0,0
-8.15,-0.39,-0.1,1,0,0,0,0,0
-5.85,0.02,-0.1,1,0,0,0,0,0
-3.37,-0.16,-0.09,1,0,0,0,0,0
-1.42,-0.36,0,1,0,0,0,0,0
-0.13,-0.36,-0.02,1,0,0,0,0,0
0.07,0.08,0.04,1,0,0,0,0,0
0.03,-0.01,-0.03,1,0,0,0,0,0
0.06,0.11,-0.03,1,0,0,0,0,0
0.01,0.02,-0.03,1,0,0,0,0,0
0.02,0.07,0.01,1,0,0,0,0,0
-0.01,0.05,0,1,0,0,0,0,0
0,0.09,-0.04,1,0,0,0,0,0
0,0.1,0.03,1,0,0,0,0,0
0.04,0.12,-0.14,1,0,0,0,0,0
0.03,-0.23,-0.09,1,0,0,0,0,0
0.03,-0.02,0.05,1,0,0,0,0,0
0.06,0.08,-0.08,1,0,0,0,0,0
0,-0.01,0,1,0,0,0,0,0
0.03,-0.1,-0.05,1,0,0,0,0,0
0,-0.1,0.08,1,0,0,0,0,0
-0.07,-0.33,0.22,1,0,0,0,0,0
0.06,0.11,0,1,0,0,0,0,0
-0.01,-0.14,0.09,1,0,0,0,0,0
0.04,-0.04,0.11,1,0,0,0,0,0
-0.01,-0.12,0.03,1,0,0,0,0,0
-0.02,-0.01,-0.07,1,0,0,0,0,0
0.02,-0.01,-0.14,1,0,0,0,0,0
-0.04,-0.16,0.07,1,0,0,0,0,0
0.03,-0.07,-0.02,1,0,0,0,0,0
0.14,-0.07,0.13,1,0,0,0,0,0
0.01,-0.07,0.06,1,0,0,0,0,0
0.03,0.05,0.01,1,0,0,0,0,0
-0.02,-0.01,-0.03,1,0,0,0,0,0
0.05,-0.04,0.05,1,0,0,0,0,0
0.04,-0.08,0.03,1,0,0,0,0,0
0,-0.16,0.12,1,0,0,0,0,0
0.03,0.06,0.05,1,0,0,0,0,0
-0.02,0.1,0.04,1,0,0,0,0,0
0.03,-0.05,0.05,1,0,0,0,0,0
0.05,0,0.09,1,0,0,0,0,0
0,-0.08,-0.01,1,0,0,0,0,0
-0.04,0.01,0,1,0,0,0,0,0
-0.04,-0.01,0.05,1,0,0,0,0,0
-0.07,-0.08,0.06,1,0,0,0,0,0
0.03,-0.05,-0.05,1,0,0,0,0,0
0.04,0.01,0.04,1,0,0,0,0,0
-0.03,-0.04,0.09,1,0,0,0,0,0
-0.05,-0.05,0.05,1,0,0,0,0,0
-0.03,0.05,0,1,0,0,0,0,0
-0.07,0.02,0.03,1,0,0,0,0,0
0.03,-0.05,0.01,1,0,0,0,0,0
-0.02,-0.1,-0.02,1,0,0,0,0,0
0.06,-0.05,0.05,1,0,0,0,0,0
0.02,-0.01,0.01,1,0,0,0,0,0
0.02,-0.05,0.05,1,0,0,0,0,0
0.03,-0.06,0,1,0,0,0,0,0
-0.07,-0.05,-0.03,1,0,0,0,0,0
0.03,-0.05,-0.03,1,0,0,0,0,0
-0.01,-0.04,0,1,0,0,0,0,0
-0.07,-0.02,0.03,1,0,0,0,0,0
0.01,0,0.02,1,0,0,0,0,0
0.04,-0.03,-0.03,1,0,0,0,0,0
-0.04,0.04,0,1,0,0,0,0,0
-0.04,0.06,0,1,0,0,0,0,0
0.08,0.03,0.04,1,0,0,0,0,0
-0.03,0.02,0.01,1,0,0,0,0,0
-0.04,-0.04,0.03,1,0,0,0,0,0
0.04,-0.05,0,1,0,0,0,0,0
-0.05,-0.1,0.01,1,0,0,0,0,0
0.01,-0.03,-0.03,1,0,0,0,0,0
-0.08,-0.01,0.04,1,0,0,0,0,0
0.04,-0.01,0.03,1,0,0,0,0,0
-0.04,0.01,0.06,1,0,0,0,0,0
0.03,0.06,0.05,1,0,0,0,0,0
0.01,0.02,-0.01,1,0,0,0,0,0
0.02,-0.01,0,1,0,0,0,0,0
0.03,0.01,-0.07,1,0,0,0,0,0
0.03,-0.01,-0.03,1,0,0,0,0,0
-0.02,0.02,-0.07,1,0,0,0,0,0
0.01,-0.01,-0.11,1,0,0,0,0,0
0.03,0.09,-0.03,1,0,0,0,0,0
0.03,0.02,0.05,1,0,0,0,0,0
0.06,-0.08,0.08,1,0,0,0,0,0
0.11,-0.03,0.01,1,0,0,0,0,0
0.02,-0.05,0.03,1,0,0,0,0,0
-0.04,-0.04,0.02,1,0,0,0,0,0
-0.04,0.01,0.02,1,0,0,0,0,0
-0.03,-0.04,0,1,0,0,0,0,0
0.02,-0.03,0.02,1,0,0,0,0,0
-0.05,0.02,0,1,0,0,0,0,0
0.03,-0.03,0.03,1,0,0,0,0,0
-0.02,0.08,0.08,1,0,0,0,0,0
0.02,-0.07,0.08,1,0,0,0,0,0
-0.01,-0.03,-0.03,1,0,0,0,0,0
0.01,-0.07,0.03,1,0,0,0,0,0
0,0.06,-0.01,1,0,0,0,0,0
0,0.06,0.09,1,0,0,0,0,0
-0.02,-0.01,0,1,0,0,0,0,0
-0.04,-0.03,0,1,0,0,0,0,0
0,-0.04,0.02,1,0,0,0,0,0
0.03,0.05,-0.07,1,0,0,0,0,0
-0.01,-0.07,-0.06,1,0,0,0,0,0
0.02,0.02,0.06,1,0,0,0,0,0
-0.05,-0.01,-0.03,1,0,0,0,0,0
0,0.07,0,1,0,0,0,0,0
0.03,0.02,-0.03,1,0,0,0,0,0
0,-0.07,-0.04,1,0,0,0,0,0
0.03,0,0.01,1,0,0,0,0,0
0.08,0.1,0.02,1,0,0,0,0,0
0.05,-0.03,0.01,1,0,0,0,0,0
0.02,-0.08,0.12,1,0,0,0,0,0
0.03,-0.05,-0.01,1,0,0,0,0,0
0.06,-0.01,0.06,1,0,0,0,0,0
-0.04,0.09,0.08,1,0,0,0,0,0
0.01,0.01,-0.03,1,0,0,0,0,0
0.06,-0.02,0.04,1,0,0,0,0,0
0.02,-0.02,0,1,0,0,0,0,0
-0.07,0.07,-0.01,1,0,0,0,0,0
0.02,0.02,0.02,1,0,0,0,0,0
-0.02,0.04,0.02,1,0,0,0,0,0
-0.01,-0.04,0.03,1,0,0,0,0,0
0.02,-0.02,0.03,1,0,0,0,0,0
0.06,-0.01,0,1,0,0,0,0,0
-0.04,0.02,-0.08,1,0,0,0,0,0
0.05,0.07,-0.03,1,0,0,0,0,0
-0.01,-0.02,0,1,0,0,0,0,0
0,-0.04,0.06,1,0,0,0,0,0
0,-0.02,0.04,1,0,0,0,0,0
-0.01,-0.05,-0.01,1,0,0,0,0,0
0,-0.05,0.06,1,0,0,0,0,0
0,,,,,,,,
